,A,B,C,D
2000-12-11,0.6648355164477083,0.49260845324662295,1.7393310759485703,2.0035218763405096
2000-12-12,0.296302335556048,0.22068183071938569,2.6680472219822837,3.677491454118458
2000-12-13,0.37790168247081557,0.47405981023066757,2.181530097722115,4.944406724387071
2000-12-14,2.1694018476353043,0.2009894623034309,2.5755367587128033,6.188475927052226
2000-12-15,1.8035394810291925,0.43942832302131596,3.9939259587123264,7.036979725400787
2000-12-16,1.7767525621074545,2.2562315828429864,3.692034166498778,6.72210939722132
2000-12-17,-0.37110070396975026,2.492923843132539,3.9377740192041917,5.726130398797385
2000-12-18,-0.7817583225349036,2.624782706018929,3.650397040410867,5.187269903913933
2000-12-19,-2.2894693771680905,1.9738842378940062,3.8465087972953134,3.4872814832616026
2000-12-20,-3.1730215490824802,0.11474023243356068,3.4078499904493804,2.9356932338050106
2000-12-21,-2.5823254505855675,-0.7592830153798956,2.3306299777336075,4.47498339831995
2000-12-22,-4.136275736609865,-0.30764152583132903,1.8575098230540443,4.910769935542836
2000-12-23,-5.437853806774877,0.4090648432187786,2.427747308294231,4.683382200558181
2000-12-24,-3.6093409574267366,1.7649592867011508,3.0738339307845934,2.9192757933328
2000-12-25,-3.8635744887075214,1.9756632760875943,1.565587073199648,1.6637569938894061
2000-12-26,-1.8533146648341665,1.3970085001125803,0.5304896371721131,1.4881460954999772
2000-12-27,-4.7678680108559925,0.9621742294710229,-2.6381706097084416,2.773084691737049
2000-12-28,-4.2712159259919025,1.0026087295256045,-2.6721775561795447,1.368443423080985
2000-12-29,-4.6566487291928365,0.7643932986188237,-3.468099043758603,1.5401348266399455
2000-12-30,-3.124291447813146,1.300439145448645,-3.9742364235323406,2.7711521734570463
2000-12-31,-3.6154465757668657,1.1115664332778545,-3.1129365063175864,0.9823949427185537
2001-01-01,-3.8389409851493923,-1.8692890004703029,-3.149761252773998,0.15529020785244052
2001-01-02,-3.403464426012566,-1.0935985412100568,-2.5529633352669134,-0.608375865204066
2001-01-03,-3.821106791743922,-0.4648888831800837,-1.898747014136271,0.8261673808210589
2001-01-04,-2.8992931134118507,-0.13500461964712301,-4.323484786491932,0.30764086121060197
2001-01-05,-2.698105656183472,-1.1811781890381912,-3.9516933821652103,-0.3518003726429033
2001-01-06,-1.6406349921796402,-1.1585672490987644,-3.389164654970415,-1.1691141986841833
2001-01-07,-1.8364123026762498,-0.8097556693872102,-3.279180019773327,-1.879576203165279
2001-01-08,-2.8259330629040145,-0.7220297685126618,-4.180702315393097,-3.0595543667507714
2001-01-09,-1.6765691939907936,-1.4810582703982604,-5.621289009371601,-3.0233599134449616
2001-01-10,-2.136135224320092,-2.0737195036595386,-5.587914280188393,-3.0633038146868685
2001-01-11,-3.0662032876524226,-2.379265769468043,-5.0993216137828945,-0.38045348687619995
2001-01-12,-3.7805805853187655,-3.818563394472423,-6.284923798402005,-2.412944518616976
2001-01-13,-4.626697204055835,-2.29346939694452,-6.7448011173695654,-2.5567357419061416
2001-01-14,-4.14623066090926,-0.6334562445664742,-5.679352276659666,-2.4656123483167853
2001-01-15,-3.5150646632389666,-1.5632504805461904,-6.4053236265468145,-1.9054812850221965
2001-01-16,-3.6591706379198086,-2.3776523405343326,-5.730534145797937,-2.1611740653112568
2001-01-17,-3.978433483894713,-2.8134963971112397,-6.444449338214197,-3.4652982119229394
2001-01-18,-2.561995831778629,-4.54559606709193,-7.220652205210324,-4.208422417002101
2001-01-19,-2.0209963993208815,-5.095456057403859,-5.395724623478434,-5.875884656562805
2001-01-20,-0.9307706908888533,-4.76672299109065,-3.6092201425130295,-6.349159725658532
2001-01-21,-0.5139536370041313,-4.524056410508192,-4.712540836067327,-5.075390886639573
2001-01-22,-0.1865212882728825,-3.9206796023088284,-3.9122444052955436,-6.031171950991641
2001-01-23,-2.4355083932400916,-3.77897588034989,-2.7981331291924736,-5.490351301402726
2001-01-24,-2.405902276061184,-3.045787405028549,-2.699073317990505,-5.011465505854513
2001-01-25,-1.9391698481146842,-4.12659721067149,-3.7877102066608788,-4.343139330329631
2001-01-26,-2.411560289535194,-3.0972535850066425,-4.681801966791985,-3.3094852244680126
2001-01-27,-3.952881312469095,-3.3875341928447003,-4.339194261849658,-3.7823813460327838
2001-01-28,-4.3756960025231875,-3.3405534632995453,-5.796655131273968,-5.5801652958862284
2001-01-29,-2.6352969890470845,-3.750437944836851,-7.104898381178534,-4.993250000735736
2001-01-30,-3.616027973536336,-3.504218575163494,-8.67487485282149,-3.775336280115992
2001-01-31,-3.000282736193634,-4.250351442240537,-8.84149836356405,-1.8260127244146704
2001-02-01,-1.541538652992712,-3.2494551027585192,-9.109639875151915,-2.6401029225847705
2001-02-02,0.3485334851620334,-2.286174801607009,-9.71012465754145,-2.930718713051622
2001-02-03,0.19703135887237866,-0.5633821969359158,-9.698606501776244,-3.431850450358274
2001-02-04,0.2661981599357542,0.7675190201544757,-10.74877389184588,-3.0016356281798733
2001-02-05,2.0303639089042416,0.9552459535065568,-10.921406794873857,-2.9905800400147498
2001-02-06,2.1087764015793,-0.9592430637523327,-11.116549021054038,-1.7347572902508137
2001-02-07,1.4002928093532319,-1.2172063256037071,-12.52675771128077,-1.8709027040899615
2001-02-08,1.4295495163080651,-2.481635696576678,-14.366858910316871,-0.06141856501039267
2001-02-09,1.5482565577321292,-1.9083864170438742,-14.441401949165078,1.205467329279672
2001-02-10,1.9525951222471891,-2.68727634974403,-14.354560548537004,-0.5554978446872978
2001-02-11,2.195684375248248,-1.871091732522429,-14.584748245174042,0.21225594770048384
2001-02-12,2.1651744183228927,-0.26128094384767175,-16.13618829569608,1.2611011935306116
2001-02-13,0.5954285163953119,-1.97275289202929,-15.016540801630377,-0.6368380938195148
2001-02-14,1.5017889695569941,-2.454929171188958,-15.426210401165196,-0.625696332521312
2001-02-15,2.1195811685187653,-1.72670720213039,-14.695425636012397,-0.27501716403348414
2001-02-16,1.5503865403391615,-1.0961978822515666,-14.791022229789197,-2.074857236850284
2001-02-17,0.46342614420421824,0.47622311151999197,-15.172349901687056,-2.406285881320125
2001-02-18,-0.6939104640376321,1.3007386993284529,-12.437797926485086,-2.3845841715724356
2001-02-19,-2.297141968429714,1.5997908990563952,-11.671272205352928,-3.2349597773425196
2001-02-20,-2.4999267441493203,2.104176069570089,-11.35524239623659,-4.351588694541794
2001-02-21,-2.7597064959503594,1.1645757800683616,-11.98128517827514,-4.301696820834418
2001-02-22,-3.428811781167448,2.488416458882421,-13.055599904143017,-5.283943353527418
2001-02-23,-3.9205769305113187,3.2708207500765445,-14.1990249585116,-5.981237671080837
2001-02-24,-3.3504555437821515,3.3393089332447534,-15.417817858831096,-6.106329201646674
2001-02-25,-3.220177057153493,4.964639420567524,-12.818252751392036,-4.752670066988319
2001-02-26,-2.3572491829243667,5.863250277253722,-12.177319665881177,-6.780031547766289
2001-02-27,-1.74840459813361,5.614109455458223,-12.09100120640923,-6.866075617588873
2001-02-28,-0.260840564787012,4.398841500076038,-12.305705837593107,-6.56909475691485
2001-03-01,0.3331583580282267,4.996547137008147,-11.995663648438285,-6.211224602039152
2001-03-02,2.0991608912093254,6.429582162853725,-13.399712136023199,-4.4598702973279245
2001-03-03,2.1332587464758483,7.647379688573322,-14.379262085637105,-4.333671291492697
2001-03-04,1.4828326962570735,7.368911313259604,-15.764766207881166,-5.055518750257323
2001-03-05,0.7027654494583865,5.739124064702702,-15.246638634473165,-4.409500404201385
2001-03-06,-0.2506744788356433,5.569171988277589,-13.081804805814295,-6.023907781641503
2001-03-07,-0.4989254066777933,5.972826190398369,-12.077361634739662,-5.225956085373595
2001-03-08,-0.42346025099968215,5.169188584314411,-13.241339804867625,-2.935253598538029
2001-03-09,-0.6408750568989756,4.9836815154312415,-11.698032305193927,-2.671342091719686
2001-03-10,-0.7748823825531985,5.66099824280771,-13.329352099218465,-3.568279667067216
2001-03-11,-1.9678878694897681,6.280528148705772,-14.721900385810331,-3.5519573788495498
2001-03-12,-1.3164428220987459,5.364207871378289,-16.579216905811517,-5.258489372926758
2001-03-13,-1.3767269335664514,6.566375441206641,-18.065104781877288,-4.136704707502059
2001-03-14,-0.7795222237710345,6.078728178181286,-16.646278135135667,-3.1003092535084447
2001-03-15,-2.522079674945379,8.634399110593378,-17.609123599881492,-5.143816466973632
2001-03-16,-2.4670540810203043,8.774404636043487,-16.61573320577666,-5.349002371015118
2001-03-17,-3.488608769071863,9.305446584686544,-16.103100921648373,-6.246973209890944
2001-03-18,-2.752858147025686,10.081587821016514,-17.283955824412914,-7.6281611867641965
2001-03-19,-1.8204850570711086,9.524665081286964,-16.1213373451118,-7.093236785512071
2001-03-20,-1.9212587942189956,10.976041650423001,-16.26276031415833,-8.618772986930285
2001-03-21,-1.929318624744509,11.676121443036656,-16.699557836691596,-8.158208182186481
2001-03-22,-2.15065538642693,12.687018875237879,-16.549732213879892,-7.285224585262105
2001-03-23,-3.3706647298458225,10.943526353060536,-16.265209862045594,-6.601096346030081
2001-03-24,-2.700944326178988,11.35818721499324,-16.048311360105163,-5.624639687208877
2001-03-25,-1.8896907846932065,11.984324146291938,-13.725182333807016,-6.077378420437958
2001-03-26,-2.700361948639956,11.567547637205356,-13.314535694270834,-7.4536647486007945
2001-03-27,-4.823472944633952,13.089536267176557,-14.280387134450894,-8.151519215697782
2001-03-28,-3.90406498960301,13.607023719687497,-12.816279332085983,-7.594699324438476
2001-03-29,-3.8315942860466947,13.94989942257552,-12.781201766476928,-9.582637011722156
2001-03-30,-3.6792034113333734,14.642559289860738,-14.102682788004447,-8.43302479057715
2001-03-31,-5.738116729883247,14.690893924564238,-13.768225638712542,-8.191393406915505
2001-04-01,-5.706021235730417,15.22793781665949,-12.519472077039424,-6.745626025151399
2001-04-02,-4.8183057807127625,14.096701280980385,-13.562496496725656,-7.795215981814801
2001-04-03,-4.474670460568414,15.491289900303133,-14.129074916102693,-6.911248310121807
2001-04-04,-4.4634797837447024,15.526474277634302,-15.201569991015724,-7.038385443948032
2001-04-05,-3.9334479806611116,16.44292876000236,-13.885504509196236,-5.8347731961742735
2001-04-06,-3.942752860558111,15.302967541154478,-13.367291289382353,-6.322109478019775
2001-04-07,-3.5694588752677565,15.809480719718353,-13.315545480465731,-5.970428195526499
2001-04-08,-1.9855013440979097,15.644339377985846,-12.01450678819032,-6.547066260944841
2001-04-09,-1.2840215591858553,16.37030116955071,-12.439160970604952,-4.360807654706676
2001-04-10,-0.32867870191594817,17.674885636835107,-13.746196399906058,-6.166996331406276
2001-04-11,-0.5172991872489534,17.547165759185233,-14.897389744557216,-7.921395258759064
2001-04-12,-2.1025393063530102,17.035697394334548,-15.520990649758877,-6.116496397824825
2001-04-13,-1.5388950422267809,16.783994224306923,-15.91148905833776,-7.3231952617749005
2001-04-14,-0.7240737112107241,17.9712187309947,-16.436265537419153,-5.83126546832383
2001-04-15,-2.676618400082126,17.636495008006957,-17.40975429291362,-7.0440618920134215
2001-04-16,-1.213515601975726,16.842784448383213,-16.402890302567222,-5.30272434641209
2001-04-17,-0.3937257910410289,15.844936243833112,-17.19240426536991,-4.339152055806656
2001-04-18,-1.0393945236467714,15.662021480980451,-17.565686592641185,-4.8037854207471655
2001-04-19,-1.4039248490859906,15.798016956533196,-17.234901746899553,-3.6171498240145645
2001-04-20,-0.042853079239791425,14.641472342772275,-17.086422013945903,-4.705725902871021
2001-04-21,0.07680284680645667,14.009561201174742,-18.56525123137172,-4.787913844315414
2001-04-22,-1.9538216100119983,13.525224942612702,-18.598649706781647,-4.177337409248764
2001-04-23,-1.7399653056576039,15.979229245016922,-17.792018598051754,-5.091671276427684
2001-04-24,-1.6852596063114325,14.040087678648323,-17.355836275849768,-7.582510444878594
2001-04-25,-1.481299327175139,13.86179480733899,-16.173867683278825,-8.353670906752663
2001-04-26,-2.016400414572507,12.120085299078827,-16.129365172930456,-7.211510526488216
2001-04-27,-2.093116174029625,11.564648284319071,-17.42682978929067,-6.8556492179224815
2001-04-28,-1.0471480830794082,12.792816811887988,-16.097375465752386,-5.315960783646489
2001-04-29,-1.449268744065001,13.890071807667264,-16.302178557848404,-4.967070182733479
2001-04-30,-3.101696140177796,14.404066764246844,-17.158177865272243,-4.928574171486436
2001-05-01,-2.249437177544582,14.788426368966714,-16.728458101405824,-3.304117090543177
2001-05-02,-2.672033290686209,13.52265532037167,-17.97322236210759,-2.5572808459233367
2001-05-03,-3.696116785937938,12.942114698916855,-18.50744186942009,-2.195456673218597
2001-05-04,-5.662636987260638,11.532254361493878,-18.852990896097143,0.04183081129434996
2001-05-05,-6.232905191588232,14.00531123523417,-18.580639443569282,0.48323819896033193
2001-05-06,-6.601383609864863,14.13725520808295,-17.979303461901477,-0.9431275315934816
2001-05-07,-7.404266148926124,15.252831503518806,-17.448349351871766,-0.08128994829480263
2001-05-08,-8.451303617609152,13.856829428433814,-17.413982719998376,0.6121710637410774
2001-05-09,-7.395480530527826,15.355735359389815,-16.436480017576535,0.2659485017493889
2001-05-10,-8.157145227218278,16.284052915632714,-15.974780741181938,-0.17483054207159437
2001-05-11,-8.654723539011774,18.022272000063726,-16.95315250508115,-0.5414161914526125
2001-05-12,-7.613082174603298,17.521801537334255,-16.9859412379326,-0.5329345943280192
2001-05-13,-8.544478711362235,16.971154927816624,-17.616950795990842,0.64084591805054
2001-05-14,-7.758900512424263,17.486682082280787,-16.70005075164583,0.14193892685177517
2001-05-15,-8.91680194479318,17.655183396533683,-17.277907291239153,-1.3319288037755523
2001-05-16,-10.157470206513857,17.88261319785419,-16.22545695032203,-4.2529344916471885
2001-05-17,-10.85589974010693,16.93545935264718,-16.11316786775113,-5.028299926124547
2001-05-18,-11.711686325229326,16.65189018891978,-17.240163440067008,-6.076967273626658
2001-05-19,-11.372967069721854,16.225961266583425,-16.8445021285874,-6.1202206889949196
2001-05-20,-9.860477728993368,17.546955085744976,-16.216709395597995,-6.9874416051907255
2001-05-21,-10.461025851973059,15.361445237274307,-16.431403176411653,-9.150202046907474
2001-05-22,-9.345038624541399,17.618645270631507,-15.12834383928229,-8.813622503817903
2001-05-23,-7.992444360665354,18.06230938691441,-13.127306270430804,-7.523136608779675
2001-05-24,-7.341835150838,18.302138059986444,-12.041143638253388,-8.396542678688908
2001-05-25,-6.772158105272642,19.163087751404138,-12.095897926974727,-6.43415637723866
2001-05-26,-5.585840596721864,19.93619782912376,-12.868240194888438,-6.039951046531713
2001-05-27,-4.6246922081622035,19.797313665087483,-13.038084030246626,-7.8129260826863725
2001-05-28,-5.035458295248721,20.00794107890495,-12.024345236688296,-7.888901337471845
2001-05-29,-5.480001772051253,21.262053991404944,-11.504031494099191,-9.32033058397873
2001-05-30,-7.16369002970866,21.931219836101835,-11.414106434046943,-8.985013126235176
2001-05-31,-6.910650110405447,21.608833882405683,-12.441051447928928,-9.197675130019844
2001-06-01,-7.817857859445397,21.584453195229635,-14.157656227032646,-7.490529684412064
2001-06-02,-6.7831007702013455,19.722660249869197,-14.056296099518027,-8.816252069585566
2001-06-03,-6.761350178451426,19.67339909309265,-16.060321745694708,-7.984678325515557
2001-06-04,-6.7972721263039775,19.763226485280175,-15.552780770353406,-8.384314198554438
2001-06-05,-7.967141773225626,20.52990870077411,-14.476290391875576,-9.986881774746795
2001-06-06,-7.533322693405948,20.252382070086366,-14.15751489661825,-9.649444772529069
2001-06-07,-8.15711801607366,18.228929394795216,-14.017120804143653,-10.795188317303705
2001-06-08,-7.658220847324459,17.761160273580785,-14.220252919252799,-10.625868538985323
2001-06-09,-6.397749642270328,17.281673912566553,-15.154844386093595,-10.496436103966088
2001-06-10,-5.684903714899203,16.429113678408427,-16.2395721754414,-10.407892933626853
2001-06-11,-4.155378416117463,17.51758399113737,-15.488237071798723,-10.116398643495994
2001-06-12,-2.5164205425826287,16.43275238633358,-16.18190190422484,-10.454242238176919
2001-06-13,-2.2329169825738364,15.402268680182027,-15.002593108193699,-10.222283738145984
2001-06-14,-2.5881648621414954,14.712563187521033,-16.94336937112023,-11.085205951885468
2001-06-15,-2.423476183242731,13.434646201649315,-18.86622803782641,-10.29655816516254
2001-06-16,-3.1330145550781445,12.596619605834999,-17.45457474151129,-8.551920116634257
2001-06-17,-2.533388300449027,11.876511575130406,-17.26808552470924,-8.191864821060312
2001-06-18,-3.0150840076147585,11.938879785356152,-15.948535533940955,-6.0264081167390975
2001-06-19,-3.2979589545153805,11.092163351716055,-17.05061102683804,-6.206441523953979
2001-06-20,-3.3980969591415384,10.511509740332508,-17.774201356077807,-4.832780003347092
2001-06-21,-4.416086840656647,10.596849767501856,-18.01369875669332,-4.005932081941667
2001-06-22,-6.667085872030489,11.246073053179828,-19.266563427205913,-4.453561836127426
2001-06-23,-7.638966976539612,10.814827105240713,-19.169807855493644,-3.591417268563452
2001-06-24,-7.385746983762073,12.627012186054346,-19.850214800823796,-2.170641615873352
2001-06-25,-7.2425598391682655,13.388603479780455,-19.04216446243514,-3.9019075620004875
2001-06-26,-5.645431246882485,14.079732288176572,-18.907710400165385,-4.431764239261359
2001-06-27,-6.703305502147003,13.527501421659704,-19.483096094617878,-4.990791036519812
2001-06-28,-5.686090883095695,13.673232938432795,-18.85229943178409,-6.1488171376777885
2001-06-29,-5.767193153216259,13.636205288641275,-19.665411379680165,-8.347429675440031
2001-06-30,-5.093876056395293,12.625082687678681,-17.362959817643524,-9.151278435574762
2001-07-01,-4.835931685131245,11.644179365005979,-17.247520164629545,-8.151893912566937
2001-07-02,-4.315020697797403,11.666248255118958,-16.050236999262744,-8.788804307520616
2001-07-03,-4.7127816853738365,11.840894842388263,-15.460809002213507,-7.712913853040579
2001-07-04,-4.143331161031178,12.975422313973166,-14.992434756661552,-8.391290930839551
2001-07-05,-4.344507935978652,13.294026881862747,-14.671598725333466,-7.895316100863434
2001-07-06,-4.618078512960682,13.600459805574642,-13.273271727126465,-8.39015779352423
2001-07-07,-4.398005611565539,13.269720960071323,-12.80236328128183,-8.46601055882903
2001-07-08,-4.3728199929086875,15.045090485129437,-12.64436899821516,-8.169573899022028
2001-07-09,-5.087598204130486,14.520604796253547,-12.03367381061309,-7.407080588960632
2001-07-10,-3.651621826583516,14.31135248685503,-11.620475040842141,-7.049933826751909
2001-07-11,-2.7141233615015885,14.187056460505485,-12.026882983234612,-6.859582969742259
2001-07-12,-1.1523812788479877,15.084601786556211,-12.12833486827565,-5.409191802829715
2001-07-13,-1.4385722225804756,15.882319482408231,-12.634483679231218,-5.73423247123407
2001-07-14,-2.349291980613722,15.886215494114772,-11.691046285005218,-3.597305289551639
2001-07-15,-1.3083627280022239,15.376064004411512,-10.106136247510701,-4.3020928661637345
2001-07-16,-0.7500287529385719,14.997793296988442,-8.181221370291873,-3.894650474122992
2001-07-17,0.7702933917232322,15.921886719654717,-8.38710026605149,-5.075907120992703
2001-07-18,1.5046805378489045,17.088189738212424,-8.800427716934367,-6.131025095260302
2001-07-19,2.138530484731322,17.083825231807296,-6.419604818417416,-6.876748250224221
2001-07-20,2.8121167060142573,15.998228399615456,-4.085710230374195,-6.047235414860062
2001-07-21,1.745604027064869,15.7967644774695,-3.4777196353599638,-6.644787221626365
2001-07-22,0.8587650248973929,17.996476938978557,-2.2994092506600827,-6.6312672808440505
2001-07-23,0.8686762316876422,17.356091269647937,-0.8545539057530462,-5.620089456251346
2001-07-24,1.8867124659526038,18.050925522543018,-1.5174936655124664,-7.277991387330097
2001-07-25,1.5817937502188784,17.8594452860092,-2.3189880947772625,-7.8435033449397595
2001-07-26,0.5620433053619984,19.332773145398388,-2.2923425302460254,-8.318171903400058
2001-07-27,0.01301319660570821,18.975331878115913,-1.3035806796005547,-9.680722811499777
2001-07-28,-0.10415404102654488,18.573247298803945,-0.001789558213704634,-10.46472157991041
2001-07-29,1.9983460150876506,18.00523372539317,-1.333410765350003,-10.392120852963883
2001-07-30,1.6440887031660425,18.37387020187954,-2.137222009995852,-10.043977340844947
2001-07-31,1.5540513955145459,16.555948243126956,-2.8838115388264733,-9.84205571894942
2001-08-01,1.878602085943298,15.888078170760142,-4.478320534195003,-9.376754039771491
2001-08-02,2.4164001763405123,13.553219792776257,-4.163272584381796,-8.769449505714421
2001-08-03,2.4614831303245785,14.702553521629886,-3.06405430502068,-8.752625295439506
2001-08-04,2.41014261874767,16.373270177318865,-4.484994017969569,-10.629948926830561
2001-08-05,3.5026477581962157,17.372655883758032,-5.292421843329095,-11.090425737184054
2001-08-06,4.32066332139989,16.501031233070076,-5.559238544996529,-10.503408037302322
2001-08-07,4.5946978277433885,16.716968481760194,-5.840385430604521,-11.07354267595924
2001-08-08,6.6692734799416815,15.57536247425519,-6.70080954710043,-10.492645386780104
2001-08-09,6.273158620207775,14.750149210273808,-7.0174163639873655,-10.37676228583312
2001-08-10,7.568664390132478,15.709004672896212,-8.163688031552255,-11.005695206428063
2001-08-11,6.681850257091369,16.296375897867403,-7.381537042530176,-9.721999699648741
2001-08-12,6.280048180396109,17.098831149932064,-8.312981500754171,-9.67812525970642
2001-08-13,6.212589910500635,16.103306347191534,-6.879491078868224,-11.123691938643208
2001-08-14,6.923437895005703,15.445781137145206,-8.518889689517286,-13.177821458670067
2001-08-15,6.38581377459472,16.552257565027926,-8.487480147148762,-13.611164549867635
2001-08-16,4.593687910956935,16.607783940657253,-8.0632270362482,-13.785683384480233
2001-08-17,4.245047505828241,18.39279272919915,-6.367693326635353,-11.888590844361502
2001-08-18,5.067185839438308,16.39185865548805,-7.451402402787819,-13.620335434037061
2001-08-19,5.604087733664183,17.882020742844144,-8.22488951151718,-13.041239512023365
2001-08-20,5.393446446927211,19.280036099854453,-10.118873241989798,-13.549681060153246
2001-08-21,5.0916727785967195,19.43720549290406,-8.998923363101104,-14.575675009068998
2001-08-22,2.871394726061046,19.004022699427928,-9.779151029287206,-13.588420452786204
2001-08-23,1.0829324215742835,18.361364499038178,-9.893028084074075,-12.04945482596893
2001-08-24,0.6474730554517909,17.97328973590756,-8.9429790163034,-11.941998118868796
2001-08-25,1.4840738379915897,17.30990566314114,-8.827555803469675,-12.197613612218154
2001-08-26,0.6620844585194371,16.822479713981277,-7.998546592712785,-14.041380707307383
2001-08-27,-0.3829270064845972,16.606021542194533,-9.055884250917332,-13.508813002882412
2001-08-28,-0.010642787763774364,14.652580108115789,-9.784185545064707,-14.186415911179841
2001-08-29,-1.199339927122589,14.645794904130392,-9.310000724690298,-13.382527598501401
2001-08-30,1.218779896012883,15.368134324428215,-11.294504647129736,-13.909526265387965
2001-08-31,0.5482449264565691,16.380495845783702,-12.72642005417357,-14.082366345994751
2001-09-01,0.619736736174627,16.445218242635775,-11.66308478150952,-13.84846179257847
2001-09-02,1.3245645884864956,16.69086676786881,-13.00364530610588,-13.70092620775358
2001-09-03,-0.4055502014290069,16.720682024869298,-12.526347107225146,-11.831685108378784
2001-09-04,0.2227596074520224,17.465037549105272,-12.721196967251279,-11.015795029125528
2001-09-05,0.8434047225949112,15.706432800636424,-11.463343179033865,-10.515720513002965
2001-09-06,-0.6682903926572196,16.743521961662367,-12.26847962505225,-11.370350643668202
2001-09-07,-1.7732637889353304,15.831408983051555,-12.247608669986484,-11.005282031680004
2001-09-08,-2.3641570390115865,16.641124768417804,-12.354593714259938,-11.317951631404624
2001-09-09,-2.1942130441417604,17.728354590736597,-11.320209156268172,-12.132469347490046
2001-09-10,-1.834579022683783,17.656608220776082,-11.834088245136265,-12.168676644200817
2001-09-11,-1.8540046405291934,16.278328356041563,-10.11469060173347,-14.036185364478973
2001-09-12,-1.6906567131330723,15.274985617380562,-9.031662691202746,-12.862243858541653
2001-09-13,-0.9624810149096101,14.405221642177716,-9.80801054335516,-15.044722479267795
2001-09-14,-2.169192164276927,13.420668441608445,-9.350218539893676,-14.329830119648006
2001-09-15,-2.250643644380007,13.69944376146072,-7.874552687331236,-14.568257071982652
2001-09-16,-2.0795428894104475,12.152944676202795,-8.178727404193536,-15.147156575673584
2001-09-17,-2.3902185805946052,11.854735795680059,-7.044764285087261,-15.043419520569813
2001-09-18,-2.3577529161125317,12.776930818316998,-7.471747895275916,-16.715717610839555
2001-09-19,-3.237278761701648,13.246733503622352,-8.154768783782696,-16.215845556667425
2001-09-20,-3.1817263186902984,13.33760163492181,-8.0622490321952,-16.336462258962165
2001-09-21,-2.1545811371456507,13.68976356652016,-8.620107965993148,-15.346200504786946
2001-09-22,-1.9505425526563456,13.571010446115805,-5.626409761804416,-13.52841994810765
2001-09-23,-2.6074283925776314,13.603068450699702,-7.014748453958713,-13.90323591403279
2001-09-24,0.47018462603388356,12.690919992208777,-6.820653051576379,-12.590003741842576
2001-09-25,0.7563423692654065,12.973421986271477,-5.4012326452410475,-13.381024950489415
2001-09-26,0.053172022950777165,12.173411593894416,-4.297035036572037,-13.370556527049999
2001-09-27,-1.5505654499717054,11.79841438789458,-4.396012197269158,-13.501844270719351
2001-09-28,-3.450333134498897,12.780482695248567,-5.455722025505521,-11.773714446059826
2001-09-29,-4.629707869643561,12.530874364211881,-6.602836112504718,-11.642724964581335
2001-09-30,-4.5207632137161795,13.194896488099015,-6.09641957879461,-10.688036424587917
2001-10-01,-3.8769277951377017,13.376743006138684,-6.181383876318227,-11.138333075556941
2001-10-02,-4.016430615236083,14.191366811673484,-7.25278544276451,-12.153145050672562
2001-10-03,-2.948202867395129,12.871018312321503,-7.734923586810306,-10.360229762014095
2001-10-04,-1.524510949325967,12.552992842156774,-8.372324448250605,-10.434109356484468
2001-10-05,-1.7656630509809021,11.041094487199803,-9.252301948469093,-11.643015796678936
2001-10-06,-2.1375568373186056,12.22952199361239,-10.56672777772457,-10.346784820109558
2001-10-07,-1.9487160291408747,11.424061485841234,-10.039663866729178,-11.583922817944906
2001-10-08,-0.8735964848903506,11.271037402365103,-10.22377093732371,-11.979754460895801
2001-10-09,0.5794154838358494,11.872226347720485,-9.610574128034342,-12.79672395841456
2001-10-10,0.357734421543098,12.515686788194712,-9.943926053478423,-11.554345039002488
2001-10-11,-0.6679012941132121,11.33566417899171,-9.629397916665207,-11.630094545557775
2001-10-12,-0.8056566602545586,12.051847640846912,-11.571111305313732,-12.26524768513556
2001-10-13,-0.09859046789314074,11.106469235555164,-12.058727027010274,-11.568214594565733
2001-10-14,-0.1574112636488299,9.571929161411283,-12.921814947208267,-12.845606405313507
2001-10-15,2.1191742519062413,10.821643529342946,-14.080090089995513,-14.599599075388559
2001-10-16,2.175565472906952,8.947292132177092,-14.31136919674633,-14.692725790941317
2001-10-17,1.8464464698057104,7.153838490947008,-16.88493944179718,-16.047795187715117
2001-10-18,1.5731536491043259,6.670197676323531,-18.4037882926623,-14.540110294115586
2001-10-19,0.5750677530595643,6.04775461214678,-17.26465701357292,-15.40813901692382
2001-10-20,0.5544172262492825,6.0172156314159855,-19.199813092521648,-16.857184847878287
2001-10-21,1.4220330662247147,5.778874057371497,-17.148832762643288,-17.40700213522784
2001-10-22,0.2845064677577436,4.8500904547147305,-16.248096407858522,-16.312053505837785
2001-10-23,0.7627273446158492,3.689201719125755,-16.835195558759473,-15.91047928705386
2001-10-24,0.3212950840587283,4.285623406172763,-16.972122397477147,-15.157947402653589
2001-10-25,0.21205122405184454,2.1287240549145765,-17.14185652454247,-15.524045146371773
2001-10-26,1.9075033510917925,1.5251445757598219,-18.69673659400501,-14.316388207676656
2001-10-27,2.99958393324246,1.3127016593932268,-18.539668340218906,-14.68227339999105
2001-10-28,2.8587541462604085,0.592125428673687,-19.408941565964327,-14.520432701107643
2001-10-29,0.622907018748081,0.5205299044972507,-21.855616870543404,-15.843767302911349
2001-10-30,1.455502805547086,1.8437381490645068,-23.064988044600412,-15.604828942961834
2001-10-31,0.7084171595510188,1.150092302265942,-21.285657012579655,-14.14531649630803
2001-11-01,0.591661193285645,1.0345501248639493,-22.202973434562605,-15.291139634741011
2001-11-02,0.27656458974094855,0.25654368290338325,-21.598973823992203,-16.384887485117083
2001-11-03,-2.656003005724181,0.7803070812524582,-20.151464312684638,-15.062051942862798
2001-11-04,-1.5603243254309718,2.2773834898695506,-20.922312516222327,-15.06597993263809
2001-11-05,-1.7084408773104662,2.3834038756364255,-22.96168787681337,-16.530168016851228
2001-11-06,-2.04830164468959,2.843066897566672,-22.68403282583183,-16.34026587720365
2001-11-07,-3.004516755050985,1.7451856176124716,-23.207737387097843,-16.390698055987226
2001-11-08,-4.521258706793841,0.8584949258846798,-23.300045255220013,-16.507615811741903
2001-11-09,-4.780866162915811,-0.5711372139226262,-23.092159919449557,-16.363826831832178
2001-11-10,-5.117140132182731,-0.077198116578932,-24.024124617284368,-16.014387195529185
2001-11-11,-5.95676559162176,-2.567079462081848,-22.291480069468815,-17.691422339494693
2001-11-12,-5.608143566638722,-1.6993840635619901,-21.521004503996565,-16.699527012596008
2001-11-13,-4.478650332984659,-0.4680213432946885,-21.18344859155378,-17.36877541750172
2001-11-14,-4.884042003745039,1.1134794262815744,-22.767092620728736,-17.56335664899003
2001-11-15,-5.885239980507124,0.48564650316623903,-22.390972881662424,-16.187274268614825
2001-11-16,-4.658381225103947,1.6461100481881572,-22.355779067315737,-16.170645379718326
2001-11-17,-5.127108592790531,2.3808742840893267,-24.763935242353792,-15.621110768555855
2001-11-18,-5.613196466786564,3.7783461647600056,-25.832849349696975,-16.158607815274742
2001-11-19,-4.970849036381857,4.686528414909116,-23.818756545953832,-15.168011777471133
2001-11-20,-6.029817104604476,4.1006368980715715,-24.093210194055562,-16.507655753444837
2001-11-21,-6.009602289328902,5.185055159540873,-25.18496040157632,-16.932142006752333
2001-11-22,-5.338796269555572,5.304562316626615,-24.742067634727473,-16.63179931267353
2001-11-23,-6.069153757943595,4.3170800935632565,-23.300593957541846,-17.50765023028856
2001-11-24,-6.023825411662036,6.385922547568777,-21.086808229650273,-16.86556500950644
2001-11-25,-5.339404872797654,4.605038814877383,-20.61222627923302,-18.486423274938844
2001-11-26,-5.545277322713618,4.117012303849958,-20.868731146804556,-18.4809499446012
2001-11-27,-4.692965313637497,2.057250132113205,-21.75907933311965,-18.928997805383812
2001-11-28,-4.255802358798646,1.0190227970982733,-22.251935659470096,-17.5456438583591
2001-11-29,-3.1606938321630524,-0.12382213175596068,-22.722910975714225,-18.61742203478864
2001-11-30,-2.641397434159922,-0.025539180660422406,-22.3527661660607,-18.731964861821183
2001-12-01,-2.184758536530963,1.7031653015677972,-20.98832202944322,-17.662295254210953
2001-12-02,-2.172957173117501,1.335636005794385,-20.093815720773073,-18.71734925084743
2001-12-03,-2.5338518143498687,-0.9580657554525098,-21.716326952802216,-20.312308031001088
2001-12-04,-0.9904264516040473,0.12455119882040178,-22.193088943508503,-20.430855078206267
2001-12-05,1.905315682729384,1.3033137778532038,-21.891347347841787,-19.51357684880399
2001-12-06,2.0804213303836647,0.9778403582272697,-21.13746679277009,-20.975027282066268
2001-12-07,0.5262990421649607,0.5374506915226562,-20.48201062678219,-20.886636834614837
2001-12-08,0.4974783808929201,1.7244381253054386,-17.827119386720227,-19.23143947404776
2001-12-09,1.125233926944456,0.7547859808777307,-17.913106873309022,-18.2026395327356
2001-12-10,-0.0709874798503991,0.6739611078594658,-16.966477863541016,-17.708705298570493
2001-12-11,0.8145061123797267,0.41387316181107614,-17.797628838902977,-18.04388130134164
2001-12-12,2.0863821977919828,-0.2562511036321322,-18.628309328687997,-17.05060181840459
2001-12-13,2.9906055453770386,-0.7038610524839666,-17.39211140009365,-18.106362857533465
2001-12-14,0.0654554662537965,-0.44649690679995613,-18.323083367413084,-18.08125228526161
2001-12-15,0.4386519819698615,-1.009055098750486,-18.481140659467073,-17.388761341645758
2001-12-16,0.3560577151665845,-2.2617242247221427,-19.03918042756721,-17.799886953954573
2001-12-17,-0.14232566295637133,-3.9202033981994813,-18.789525711401836,-17.512027260686743
2001-12-18,-0.4869672163853329,-5.05379270814966,-18.95709662618288,-18.432120431306952
2001-12-19,-0.5692162495091074,-3.6957616318584616,-18.682371224795137,-19.1329723584905
2001-12-20,-1.839716071373875,-3.3182606809596193,-17.226508126747287,-18.178297088640704
2001-12-21,-2.0285787690553096,-1.9011577958024177,-18.72982195396324,-17.84464772092957
2001-12-22,-2.2112480289077325,-2.1756944258295587,-16.990637574546202,-17.35800918914362
2001-12-23,-3.6813917915855643,-2.7516077754033783,-15.759528024509407,-17.528895927490506
2001-12-24,-3.916252654335698,-2.979544412423996,-18.015020017561977,-15.899348363868935
2001-12-25,-2.4839727440950314,-2.6075107592960083,-18.665523233250497,-15.55407085922926
2001-12-26,-1.1175770681121402,-2.434278110000209,-18.25697903761646,-15.91146305259
2001-12-27,-0.09387841399584307,-2.5238284035711365,-16.901930795658867,-15.397742810822917
2001-12-28,0.49137505224119893,-1.7629380948189093,-15.16368931873758,-13.873619837316085
2001-12-29,-1.1664145825138963,-1.7548915386870017,-16.270099199643667,-14.775542014937319
2001-12-30,-1.7220352842626379,-2.1193331317390305,-18.058017699683568,-15.822305992379501
2001-12-31,-2.3814044286300446,-2.42564171113361,-15.269463855709718,-14.919276685266167
2002-01-01,-2.238061248236854,-1.8296035014831582,-15.08632955397087,-14.962172386765696
2002-01-02,-1.2794054765323475,-2.839391808981171,-15.460227106423941,-15.132807795059856
2002-01-03,-0.8350551451209738,-2.63017000972843,-16.334071460548373,-15.24634134375942
2002-01-04,-1.617999048565095,-1.5343156536106795,-17.363086926106497,-13.849203453130016
2002-01-05,-2.316050320956087,-0.9581960049224454,-18.035897321793648,-13.832834703917845
2002-01-06,-3.450191600374856,0.4172940510919534,-18.272387720468508,-14.211761071994395
2002-01-07,-4.514641363784472,-2.351440969080057,-19.050669384290863,-15.569082340654798
2002-01-08,-4.966135710919514,-0.6249641727441226,-20.165494640525072,-16.145960210013207
2002-01-09,-3.774725060622951,-0.830743523164413,-20.621915098254153,-15.362736119433412
2002-01-10,-3.0822448913870404,-0.5628855057417353,-19.729232710813466,-13.98004754792706
2002-01-11,-3.9225562778822236,-0.37239866111364966,-21.51242734057629,-15.409121517552824
2002-01-12,-3.415655929841246,0.6706753696287002,-20.899785585615938,-13.759651440212851
2002-01-13,-4.314814775458318,1.3690987720107213,-19.057412211810444,-13.81203871242528
2002-01-14,-4.750771820710485,2.050571602956435,-18.798402686917456,-14.923093224177844
2002-01-15,-4.7047726284036875,1.176697169122027,-18.451517437322774,-13.539917083177816
2002-01-16,-4.546565899358268,1.2404775823959608,-18.129330752789375,-13.109861944597347
2002-01-17,-4.136660790377631,0.4835943078896213,-17.49056770362115,-12.730513786780449
2002-01-18,-3.4000882615605295,-0.3367385953295471,-18.29368243085823,-13.181597244230655
2002-01-19,-3.3088041430496533,-1.5586907381800996,-17.334205992118566,-13.83393262444095
2002-01-20,-2.372753904832729,-2.574851814336776,-16.55359739902915,-14.547184636125925
2002-01-21,-2.316895641897683,-1.6467985589140677,-15.468310787328033,-12.466668855254262
2002-01-22,0.06903545348791074,-2.301897545010584,-16.118042513109597,-12.588482953938087
2002-01-23,1.1604126475600716,-1.7811728474110378,-14.822972661915244,-12.848259638575808
2002-01-24,1.217746242923651,-0.9021352471982113,-15.430190798612166,-13.347343376155468
2002-01-25,1.6994535124571475,-2.3970346839744905,-15.79233339597082,-13.626537413261124
2002-01-26,2.6142237540559505,-4.166829520185524,-17.826740119535483,-13.79081311965949
2002-01-27,2.1473121552208383,-2.896176270158985,-19.521179396215885,-14.164559622184155
2002-01-28,3.8545436992225044,-4.791293613390369,-20.039555221211792,-12.940383832131676
2002-01-29,4.29667228142974,-4.298709631929067,-19.57624069129711,-11.729562480104514
2002-01-30,5.828837684104732,-3.14311226688078,-19.089900607675908,-11.602607795041077
2002-01-31,6.6424247987805805,-4.859121594432576,-17.694479912068324,-13.449081390924889
2002-02-01,6.9231603255858944,-4.701916808378376,-19.25578156886091,-12.961147192868014
2002-02-02,6.189878848036862,-3.6324481424560187,-20.8733085724475,-13.283644183142691
2002-02-03,6.7194354240988305,-2.04460859128454,-22.138204536509416,-14.556828843787716
2002-02-04,7.210882571206378,-2.053712060001032,-21.915039238261187,-14.023356187493647
2002-02-05,6.536906490214227,-3.067779663110139,-22.310107424033745,-12.893897020486497
2002-02-06,6.826793680244117,-2.5838092307642317,-23.21130033672565,-12.926378162424072
2002-02-07,7.149283672369893,-3.7040826827021105,-23.344633036697346,-11.993009710981834
2002-02-08,7.212463914592337,-3.0412517965924413,-24.138272750821635,-11.688161658138943
2002-02-09,7.645704613125407,-3.4330902120062916,-23.3256979203215,-13.182544830564902
2002-02-10,5.617643106992051,-2.241037043112665,-24.31935456581808,-12.517962860033936
2002-02-11,6.483763774595564,-2.9242653434114674,-24.840108101663912,-13.78174156477155
2002-02-12,6.114214370781022,-1.7092304211065052,-25.08556251186793,-13.118422334316909
2002-02-13,4.815335157521308,-3.095180507989343,-24.722454383188946,-12.690433814360302
2002-02-14,3.6370601398413385,-4.794999999070179,-23.663796088110125,-12.845143525032341
2002-02-15,4.67723719728396,-5.1195336521579575,-23.287684542964687,-11.295113140547235
2002-02-16,3.134291845881297,-5.792904431829728,-23.838432590253866,-11.103591237186084
2002-02-17,2.7087682796732304,-7.744933659750819,-24.376770218321866,-11.747224960241049
2002-02-18,1.4813827627385587,-8.420948686688526,-24.340493594764556,-12.458245026965603
2002-02-19,1.8052831001679543,-9.023768309589778,-23.65180497375554,-12.391089560668442
2002-02-20,1.2396956642972812,-9.799426909507508,-22.125367676117175,-12.335988594069827
2002-02-21,1.6002339505924623,-10.1900014950136,-22.447786814113375,-11.404411150698374
2002-02-22,2.2589421055617698,-8.842471010297706,-21.878320031737324,-12.593780636597034
2002-02-23,3.1923468544274205,-9.651241850277767,-22.96721473400534,-11.021940498005588
2002-02-24,3.730250170904901,-9.644807374055526,-23.936203791689866,-12.228456874647613
2002-02-25,4.976312649739125,-8.994185961033933,-25.72939352670124,-11.602161625313588
2002-02-26,3.9280459669188703,-11.073127801356542,-25.622324335731328,-11.667745503883475
2002-02-27,5.005605177537338,-10.923075182135987,-26.957123844020064,-11.335172212449145
2002-02-28,6.280686996252433,-13.237015325137993,-26.966656927409566,-12.618979833190552
2002-03-01,4.9978926801038455,-14.314467030602938,-27.418444944379075,-13.055462713415244
2002-03-02,4.450898155673177,-14.975654990649462,-28.5804675033706,-13.729652436772694
2002-03-03,4.400765025773539,-16.557177428892775,-28.260775633214692,-12.68419961888833
2002-03-04,4.065810412771901,-17.62663127051796,-26.743436860854388,-12.50491114546792
2002-03-05,4.867524402298385,-18.401285376572257,-26.416748064564825,-11.702602622768175
2002-03-06,5.8802502437759365,-18.826635136343914,-26.370603069261307,-11.461913088151345
2002-03-07,4.491224664918645,-18.913331743371693,-27.01523401105098,-11.07420503787567
2002-03-08,4.071174840267847,-15.896270381639932,-25.46167616103475,-10.237545003881214
2002-03-09,3.3418582544503073,-18.076796393762102,-25.532849378979495,-9.78909179405717
2002-03-10,4.549052724977143,-18.156900538423248,-26.629859151962947,-11.32261793621842
2002-03-11,3.4431023033837223,-16.94278946793496,-26.549315693206513,-11.410609056301722
2002-03-12,4.380275147929943,-17.064496687233845,-26.55364979666553,-12.967962071209852
2002-03-13,3.9127506684734636,-16.62816513812754,-26.5001762812014,-14.562796291548354
2002-03-14,4.189103712353359,-16.220772897724427,-25.877791176401484,-12.636665850187262
2002-03-15,4.878286069073085,-13.7444435754192,-24.521577202971688,-11.419385211824503
2002-03-16,4.869820304678007,-12.929309142595176,-24.582468552445196,-10.580980416714667
2002-03-17,6.100210564719278,-12.969796155256795,-24.88136416191014,-11.073266900502848
2002-03-18,6.100917441787862,-12.268239155455854,-23.386331889795024,-10.455544622737603
2002-03-19,5.203680850875634,-13.029650423985636,-23.073359077982083,-10.05374816835648
2002-03-20,6.328690084528982,-11.382546803666322,-21.75439626989281,-9.146491863656532
2002-03-21,6.220386033220896,-11.53487557690285,-22.69179932279961,-10.309560952250218
2002-03-22,7.049839287046853,-11.865619234235849,-23.029929592808976,-11.815499296193304
2002-03-23,7.127941467511713,-9.607658576295512,-23.066194745211316,-10.756511366175987
2002-03-24,8.483905750442048,-10.102886431194745,-25.290060422012647,-10.970582664531216
2002-03-25,8.301029077684005,-10.053163644397296,-25.394262682841973,-10.669845439952546
2002-03-26,8.866834686730202,-9.042322343270195,-25.174844285489772,-9.499777981432935
2002-03-27,8.953088081626658,-8.644155079930973,-25.864371591100056,-10.770457560567733
2002-03-28,9.83543686812145,-7.710664946263114,-25.626656782573406,-10.740390576614077
2002-03-29,10.60245944496966,-8.066490940528187,-24.255501312850786,-12.14871827048052
2002-03-30,8.62257395544623,-9.582851864245946,-23.53493019270451,-13.597128470666282
2002-03-31,6.883228434851662,-9.147561229259205,-23.037872618534525,-13.432492423164796
2002-04-01,7.12752299673907,-9.333411820657025,-21.1909942619569,-13.981408934165655
2002-04-02,6.854302675229257,-10.625787629600666,-21.942329478897566,-13.554048070172897
2002-04-03,7.3611848154495245,-10.205804997209212,-20.34316630578702,-13.90540617366942
2002-04-04,6.941102051315397,-11.028609323795353,-17.626724500599575,-14.721839326278406
2002-04-05,7.200637661461725,-10.770678954765451,-17.870523347499773,-16.264488085906137
2002-04-06,8.100225586044578,-10.170644118142656,-18.464951571181988,-15.986025780586692
2002-04-07,8.556980054403365,-9.446247882536907,-17.950571625988765,-14.760607326024479
2002-04-08,8.06886238329831,-9.502938118603147,-17.55164436459356,-13.51664893251743
2002-04-09,9.153815682605169,-7.881814630759669,-17.857070712730806,-13.96795667646872
2002-04-10,9.770162985755363,-8.111333660676149,-16.416040094027725,-13.705700921968436
2002-04-11,8.639700690365146,-7.378268897236987,-15.59373661257516,-13.272531363836757
2002-04-12,8.318893210103894,-8.180020858723092,-13.308574950482488,-10.975157127575406
2002-04-13,9.16333572174544,-8.560056116210397,-12.868254937368414,-10.31715196678202
2002-04-14,8.896841000568367,-8.645428921181317,-11.884638857357782,-10.04197964328994
2002-04-15,10.526917427990659,-7.115765226314107,-11.857835984537559,-10.412015656436443
2002-04-16,10.851612557547018,-5.509031296574949,-10.076674592327358,-9.714883217478357
2002-04-17,11.670397526735067,-5.06186014323369,-9.92832729066674,-9.036194605155945
2002-04-18,10.720678867269719,-6.454213875358155,-9.980111381505743,-9.726190054962125
2002-04-19,9.723527295007488,-6.098964777233688,-8.731823431926335,-11.899570248895314
2002-04-20,8.715810539108835,-6.707173602537545,-8.350072527236579,-11.26808576584831
2002-04-21,7.260343555672508,-5.645627358153623,-8.29373872233514,-11.915240932229498
2002-04-22,7.692387119657832,-5.277303938538892,-9.971246909799945,-10.58038413563989
2002-04-23,8.767773629597711,-4.984107479610212,-10.474758104980477,-11.344006794744038
2002-04-24,7.789802854358344,-5.328427721163788,-11.290488595447664,-11.385792804235036
2002-04-25,7.808922084101002,-5.3139264514909135,-10.373027385605313,-11.409570384737538
2002-04-26,7.949761257417772,-5.772897523134646,-9.063530558793648,-12.699806707301066
2002-04-27,9.051594822840253,-5.5361397267064305,-9.325926808280686,-13.537055023765395
2002-04-28,9.394532609283573,-3.496652310728642,-8.228595711308339,-13.852510006702834
2002-04-29,10.57666274853195,-3.33589786470736,-7.561965336003944,-11.236149002135454
2002-04-30,11.75483303500531,-3.067045437588544,-8.635879907431994,-10.932664324304204
2002-05-01,13.2297607124201,-2.0498006342787614,-8.24912008174136,-13.465706913192255
2002-05-02,14.102195489548556,-1.8580253223409002,-7.186198008676547,-11.517590761276663
2002-05-03,12.840716434704959,-2.5794247814332305,-6.452876170013734,-9.3449366472034
2002-05-04,13.40174803226712,-3.520199750651233,-7.319093419062078,-8.593769147164007
2002-05-05,13.09609605516053,-3.003948924920998,-6.2431531592264715,-8.204655683598133
2002-05-06,11.888510554407903,-4.036107142845783,-6.550408312264198,-8.169006414137808
2002-05-07,12.943242923290711,-2.7527962427330555,-6.304952381312923,-7.478970679683927
2002-05-08,12.859327303425168,-4.783573424348232,-7.500475839183739,-6.901220934302222
2002-05-09,12.2372983850204,-6.230137202913642,-7.940063902211117,-7.317314575948387
2002-05-10,11.929822265052051,-6.726666594176682,-7.782126281900182,-8.189310840153587
2002-05-11,11.122327081768692,-6.094470500217823,-8.123368023801726,-7.469498176201182
2002-05-12,10.884192596624555,-5.691541211906859,-10.348733301144982,-7.869792951839308
2002-05-13,9.965285933807001,-7.492055765157243,-8.786875379812772,-7.021650748321391
2002-05-14,8.028860492417232,-7.0574155947653425,-9.290756912118551,-5.29108167441737
2002-05-15,9.016338822925144,-8.331464615865109,-9.081708505663011,-5.381395381366312
2002-05-16,9.78103435554084,-8.995078156711877,-8.337153719326414,-5.6222818849800635
2002-05-17,9.106089834349202,-9.979283749613478,-7.707043641668525,-6.027663501724297
2002-05-18,8.553222281824333,-8.80138510407127,-7.840041997876394,-5.993171149828128
2002-05-19,8.548030078164677,-9.512986655724928,-6.268324341581355,-6.373860226806091
2002-05-20,6.40344817215095,-8.661521046809524,-4.493889701191398,-6.681890427255362
2002-05-21,5.936662661952939,-9.241523762599138,-4.622867166315332,-6.10229060718366
2002-05-22,4.187541051584082,-9.366163262669248,-5.394577857477698,-6.126809910095796
2002-05-23,3.581381665080051,-11.433414923599255,-6.472943083304148,-6.381847568214335
2002-05-24,3.086844907041131,-11.03784139981486,-6.721162138243613,-5.002094474159184
2002-05-25,2.052004857642328,-10.911977072985946,-5.671895407199202,-4.9924411594245495
2002-05-26,2.345204100442562,-10.795301264195539,-5.0786296985385855,-3.5708183744882565
2002-05-27,3.901134027342703,-9.589156088636308,-4.4906746431389895,-3.393173169216521
2002-05-28,3.2333370790395604,-9.236213703561628,-5.279209769761744,-2.472302904600603
2002-05-29,3.076833903253212,-8.879746167690701,-5.287624971984258,-4.195822318733771
2002-05-30,4.455949365056835,-7.7064343223139105,-6.639552625716844,-3.1775666089204595
2002-05-31,2.4083571106569504,-6.858770300394037,-5.532295560949023,-5.382148257362706
2002-06-01,1.659081737268338,-6.919609821473407,-4.696359410184546,-5.0160216849319665
2002-06-02,0.5720392509641228,-6.661167308501245,-3.3450882697553963,-5.764132064307305
2002-06-03,2.2314950415503993,-4.876517825343964,-4.0910272123757245,-6.1755671720299805
2002-06-04,2.816668733625333,-4.412236373313387,-3.4142779190818113,-4.472997998509004
2002-06-05,3.0556775350394294,-4.071024489653352,-3.141353106677289,-5.474201353257692
2002-06-06,3.375260338360217,-4.114732097229497,-3.100838561143781,-3.496798399996819
2002-06-07,3.189829271530865,-4.630652179360519,-3.835394459985812,-2.5401132053478856
2002-06-08,1.8061703373365752,-5.481574800368288,-2.950133573296406,-1.921865834656673
2002-06-09,2.339844860243559,-5.743873060157901,-2.891375005520397,-3.2442262241194366
2002-06-10,2.0234930125162744,-4.243481806710269,-1.1018129821171954,-4.696097151993794
2002-06-11,2.3519825635488423,-3.8080187856235845,-1.7462023441983716,-5.855477251565568
2002-06-12,2.345428836947812,-4.264615244219402,-2.379403202052222,-5.826593158938407
2002-06-13,3.3180457067101643,-4.511934364447873,-2.402050749824303,-3.9717023506518685
2002-06-14,2.8235810716114234,-5.574851648789784,-1.8437678552643448,-3.9954893605849535
2002-06-15,3.7489374133197506,-7.035029853346462,-1.5621032053559123,-3.5425979643514602
2002-06-16,3.6191650194064153,-7.676636334142444,-2.700567385543138,-3.7478565841879448
2002-06-17,3.1750249949257126,-6.830913042062542,-3.000436065368416,-4.294641384210104
2002-06-18,2.980255223345552,-7.50524094744135,-4.01528634137507,-3.219415076949063
2002-06-19,4.44871361583278,-5.741049643974636,-3.8490562089631952,-3.4549099553066336
2002-06-20,4.477396527112433,-6.159582586993802,-3.422465233319855,-4.2154778498273044
2002-06-21,3.1631308005619694,-4.876497984206578,-6.166793111346148,-3.136450973892293
2002-06-22,3.555809511001612,-3.1511280790439087,-7.3739178074158716,-2.2025617451719524
2002-06-23,4.62006772561976,-1.9618952094052158,-8.018647878834976,-2.378359095204763
2002-06-24,3.581436644599071,-1.800784746134786,-8.463190511127687,-2.1736133194008924
2002-06-25,3.735145690033908,-1.0981518187961767,-8.978664909078072,-0.9182628962443131
2002-06-26,4.527543933271682,-1.481082014471861,-10.091165082308391,-2.0404980065961547
2002-06-27,3.516517837248471,-1.2225770382495262,-9.041218145065963,-1.5480904504124522
2002-06-28,2.3287464548504753,-3.0802016426100245,-10.021099494172432,-0.8470721157531361
2002-06-29,2.90884575863226,-4.001916829361433,-10.32282857503928,-1.722589391924547
2002-06-30,4.687518235382593,-4.834647616735661,-10.090557560616423,-0.7688444589080707
2002-07-01,3.8965426212402177,-4.318694371805564,-11.383898736102323,-2.162764597416309
2002-07-02,2.7350572687689736,-4.342064609063715,-11.326503423254056,-0.7066367097562025
2002-07-03,1.6529809657082466,-3.4973356533282183,-11.198557928550608,0.6640766109414304
2002-07-04,1.845486258963699,-4.719905708483343,-11.739133250700355,0.8106263907071023
2002-07-05,2.3970006255293823,-4.976635759984434,-11.8506356854724,1.5249804086461651
2002-07-06,3.8830986510269168,-5.250544937698532,-10.965378592198508,1.2860349332004857
2002-07-07,2.380897775681499,-6.28864667607135,-11.68176651850721,2.2163170339924205
2002-07-08,0.5075045957740401,-7.631915251842193,-11.105524582821388,2.844115350607341
2002-07-09,0.37537481750673724,-7.5644305534264,-11.5065662204927,3.41999812468354
2002-07-10,2.7999966087669397,-9.2647239653406,-12.429832611390998,4.295707424450987
2002-07-11,3.1461211300584675,-10.132809850459248,-12.605690041157175,5.93428652959987
2002-07-12,3.6829044456620483,-9.882446978401731,-15.11163664731492,5.782210022199036
2002-07-13,4.896517383894809,-9.654297929982995,-16.204312991785986,5.3261527346972635
2002-07-14,3.7675596054003897,-10.888863432874292,-16.527728814779042,6.4021065633928185
2002-07-15,3.147886109779743,-10.79005561377629,-17.38390822197661,4.408811111497178
2002-07-16,1.7649711114175528,-13.365984835696677,-16.220097443334353,5.057552162435953
2002-07-17,2.415180640792746,-13.360483872050091,-14.837922146201905,3.113696620312556
2002-07-18,3.4518491923931687,-12.220683558305787,-14.348090032388747,2.5182282611395017
2002-07-19,2.0567185164622916,-14.067502484339776,-15.145606543931777,0.3664467495316708
2002-07-20,2.6535183570120098,-14.584916044732461,-13.810926696601046,-0.4570099320422666
2002-07-21,1.8887341273395817,-15.200750989274965,-13.597815412454908,-0.5458882758035901
2002-07-22,3.3306968940641104,-16.958898490305472,-13.645487377325637,-0.2784062683251394
2002-07-23,1.290934289069857,-17.22582965259804,-11.759714054845817,0.24983775508275435
2002-07-24,-0.38932492989888834,-16.135859140033322,-12.413761543861742,0.2817997073319846
2002-07-25,-0.570279190827754,-17.306265417560706,-12.937354245329228,0.06882903404443932
2002-07-26,-0.3207704163315078,-16.57075193596701,-11.896627868674694,-1.007103906676825
2002-07-27,0.6015320382562513,-15.790597622947777,-12.357875385990257,-2.7672719871704485
2002-07-28,-0.4657072089705768,-14.298846830598992,-12.046649618401032,-1.9216613584454363
2002-07-29,-0.25588956746219194,-13.261695650623942,-9.69388219526576,-2.8789821194896343
2002-07-30,-1.7334584319449695,-13.317722039390107,-8.901447149752205,-2.881394077049372
2002-07-31,-2.5638763340401223,-13.214536338289511,-8.187538175691891,-3.112343940604572
2002-08-01,-1.857546747121797,-12.263370529859564,-7.575578203772307,-4.625651510622166
2002-08-02,-2.7700725151135788,-11.367043804862536,-6.354437155474086,-5.099337884928829
2002-08-03,-5.224938643757772,-11.527532374714578,-7.497475052397118,-5.7665968580616145
2002-08-04,-5.683904209839147,-10.770438869665417,-6.4011764878603445,-6.634928584902743
2002-08-05,-6.23026159007347,-9.686067718143551,-6.668597184845683,-7.538575370987655
2002-08-06,-6.2034253870738105,-10.93301389988547,-6.398305807697021,-7.9267787268165035
2002-08-07,-6.722882993004849,-11.855109234920606,-6.286258870531362,-7.232255248160308
2002-08-08,-7.093283393177991,-11.580919201870168,-7.287214344914897,-6.598141438706977
2002-08-09,-6.452606957634236,-13.938077750510693,-7.00884208160808,-6.855654435032206
2002-08-10,-8.131659637499066,-12.217084758377018,-6.294654628557667,-7.14351237256468
2002-08-11,-7.233551781611266,-13.116952266151182,-8.403862599693715,-8.835113490857545
2002-08-12,-6.988218896842376,-14.213090967179816,-8.314659360451587,-10.632267465522894
2002-08-13,-6.41727805187214,-14.54004567416459,-7.827396987382837,-11.018191149997394
2002-08-14,-6.8659281729995225,-15.665477994873921,-9.341116206259747,-10.478110674631413
2002-08-15,-6.110685638472928,-15.19336751560993,-8.78096387260199,-8.991927072116983
2002-08-16,-6.660884026353788,-16.148256181623875,-8.961099402204628,-9.925637696048145
2002-08-17,-6.764363934108721,-16.678248392155034,-7.491135937282385,-9.958106714510839
2002-08-18,-6.394276581874501,-15.156820770814793,-7.599427280742727,-8.258545736301137
2002-08-19,-5.889379196281901,-14.722806319234756,-6.2039680519294285,-6.7972971077510245
2002-08-20,-5.210103633682107,-16.275200720190494,-6.812307352291423,-6.323574962936059
2002-08-21,-4.543551085773286,-16.327071752708523,-5.874589065457704,-7.472271631597122
2002-08-22,-3.210997896643252,-16.832420878879294,-6.8695338296018935,-8.569055970131483
2002-08-23,-4.036240682136608,-16.558267809859373,-7.575391205512234,-7.36181952735847
2002-08-24,-5.473472903534836,-17.762336509676732,-8.709891579729957,-6.355544454703682
2002-08-25,-6.619358122578142,-17.82137043442199,-7.244390895481635,-6.068604847069261
2002-08-26,-5.9754589296085845,-16.917825436578354,-7.303605956832846,-6.010258238518088
2002-08-27,-5.949316852808715,-17.247325582505116,-6.275293640579266,-5.892872674776526
2002-08-28,-7.014704780212888,-18.108893197324132,-4.621283071126747,-5.866998398947083
2002-08-29,-7.047480462065711,-19.41851635277456,-5.44371514595536,-6.0584596688819925
2002-08-30,-6.625780131954227,-18.93014915066532,-4.863015349381507,-6.050686063128648
2002-08-31,-8.598951540412166,-19.00226547674939,-2.9193573816466634,-5.489061942944517
2002-09-01,-8.004202610461508,-19.711506606153343,-2.042582865894238,-6.167341266004688
2002-09-02,-9.766688408965338,-18.834753306653734,-2.366307021129671,-7.239292171234691
2002-09-03,-10.371107799224259,-18.63183632963529,-4.417277810498041,-6.761790786138915
2002-09-04,-10.422333132527225,-19.01826183333561,-3.6459414122507403,-6.869180622718537
2002-09-05,-10.752942038140208,-18.24725294765394,-5.548300023766785,-6.643710898379819
2002-09-06,-9.466295337819805,-17.92670702739608,-5.901201639040906,-6.983455073549553
2002-09-07,-8.22860474187012,-17.88988691159536,-6.040361665925463,-7.699145302332661
2002-09-08,-9.33729255108869,-18.92266624708443,-5.842740261518176,-8.646563439951922
2002-09-09,-9.83915339542545,-19.730994565773784,-6.237001665589156,-7.980895329422074
2002-09-10,-8.470242710118738,-19.06722324830649,-4.983802577292986,-8.179934039068858
2002-09-11,-8.114240522975027,-20.25801085981489,-5.275344948256573,-6.443717837458733
2002-09-12,-7.678507662949199,-21.300530166857683,-3.62052191925768,-6.632108534848882
2002-09-13,-6.934294091075212,-21.162994415692395,-2.8873486896747416,-7.46813693168821
2002-09-14,-7.526545891997187,-20.92669026994508,-1.6336306877914175,-8.294061902687549
2002-09-15,-7.6260252677441756,-19.22185722146257,-1.481797804781439,-8.624443375841878
2002-09-16,-9.661288024892022,-18.825277405915557,-2.282109574863452,-10.54344508771602
2002-09-17,-9.536045014922097,-18.855966723625478,-3.6628446050756844,-10.569071577009744
2002-09-18,-8.538585407267004,-19.965426488433607,-2.909895858537675,-11.1766588280736
2002-09-19,-9.224506435357426,-20.150130507157435,-3.197159309082699,-12.415837218331161
2002-09-20,-10.433421446572968,-20.304268888250938,-2.0763107673134757,-12.81139883070225
2002-09-21,-11.37298322271445,-20.855333801684075,-3.521443091117389,-11.385896842069231
2002-09-22,-10.274971005829943,-19.536848766617947,-2.4135246033934408,-12.893834008344344
2002-09-23,-9.838004948642432,-17.91635794907568,-3.3131463776651198,-12.666687432957966
2002-09-24,-10.535570431254497,-17.10154059112067,-4.20169223719735,-12.611963202278641
2002-09-25,-11.432752745107779,-16.48240051121979,-5.703370393682294,-10.209644891950312
2002-09-26,-9.813229965101895,-15.38805583710586,-3.9954701732387896,-12.474296694529817
2002-09-27,-8.597460478420548,-13.922533878738278,-3.4285973448733498,-12.70678634782263
2002-09-28,-8.091581770943753,-13.338753217604896,-2.588673190897212,-12.237859008566488
2002-09-29,-9.152866752983796,-13.462887185228645,-2.25929780288786,-12.497860944752123
2002-09-30,-10.245428231150921,-12.365832724859937,-2.123431537734026,-12.941121307361314
2002-10-01,-9.216950304038336,-12.784316041539217,-1.7603243339679686,-11.904017292948199
2002-10-02,-10.045429286111043,-13.57328664063673,-2.3957498474215884,-12.304477919603318
2002-10-03,-8.100934193645129,-11.878248900251252,-2.027535480229695,-13.056339016721589
2002-10-04,-6.929742507550296,-11.02076957999661,-0.43635872966319655,-12.318893448975894
2002-10-05,-8.5823078830391,-10.409018405181811,-0.27104485670097356,-13.489666308783136
2002-10-06,-7.677618002417954,-11.18075342741016,-1.0261505579118602,-13.566663121100268
2002-10-07,-6.80910065568794,-11.501721388596117,-1.7605790263317391,-13.25518608360775
2002-10-08,-6.478538606136379,-13.124577036605183,-1.653363352463614,-12.762567151284491
2002-10-09,-6.379440533457627,-13.407689473030157,-1.5433918294585713,-12.933205321916255
2002-10-10,-5.67387955249527,-12.631590794371371,-0.05745846090612061,-12.42758346070993
2002-10-11,-5.828527835409193,-12.96500093148409,-0.8682530924149656,-10.576300238246413
2002-10-12,-6.359067348116405,-12.068298715182358,-2.452370186820583,-10.57991979356264
2002-10-13,-6.633757398703511,-12.92901628823521,-3.1515640124160464,-10.811734093916023
2002-10-14,-4.891259832432711,-13.811841379599572,-4.394928906299511,-11.034174507870773
2002-10-15,-3.2741985688519586,-13.949805236274182,-4.73018365210433,-9.976486936218672
2002-10-16,-3.7347962133638726,-14.366899998576649,-3.9487709691826303,-11.27213306029811
2002-10-17,-1.657959693348329,-16.00363037360716,-2.958487336342899,-10.992872058654253
2002-10-18,-1.1148093736904134,-17.235911889276128,-3.1521526717886714,-11.579180568510743
2002-10-19,-2.9643932482154214,-18.40690274288442,-3.9987414391829534,-12.265457196450857
2002-10-20,-3.044358745794141,-17.37756083219831,-5.837171159497311,-11.9141834559703
2002-10-21,-3.502079618571014,-17.315055554383214,-5.494821114706147,-12.632313795181117
2002-10-22,-2.729064834045147,-17.258163410155785,-6.4352361315862545,-14.251003128609735
2002-10-23,-3.42050735490667,-17.350976262708844,-5.422059979953432,-12.38589894458483
2002-10-24,-3.16197835420816,-18.403164399870885,-5.717532701823283,-13.377700970678243
2002-10-25,-2.9564951100401493,-19.001987376307937,-5.909930048161617,-12.785649842139973
2002-10-26,-4.02596053365724,-19.45755399857498,-5.739673127733151,-13.628787236578768
2002-10-27,-3.2843726993699898,-19.44329147665097,-6.78953995143862,-15.749297784586542
2002-10-28,-3.75955364862929,-20.43095117036103,-6.9133689315600755,-16.99164033392427
2002-10-29,-2.4866228089323474,-21.350668445257703,-6.609925333303657,-17.766660153319314
2002-10-30,-3.2109048604215182,-21.966787364716172,-7.125568871163008,-16.297287143696323
2002-10-31,-3.432549086996869,-21.370661697671157,-7.638695490301,-17.6191681481944
2002-11-01,-2.788693058071461,-22.700439337259162,-5.895190884574929,-18.15858675864984
2002-11-02,-1.6100681422256606,-23.17541689993641,-6.736819734396117,-17.05499895025973
2002-11-03,-0.589197111776268,-21.037289420333728,-5.09367255919861,-15.238073233855015
2002-11-04,-0.3933333166332373,-21.218427677728734,-4.399579410183682,-15.903799528217519
2002-11-05,-1.589881187414228,-21.9961986785575,-4.492517373923593,-17.12939433675687
2002-11-06,-1.155767221540326,-21.95946412670456,-4.601342916424063,-17.60145015378777
2002-11-07,-2.689024350590019,-22.30129427192221,-5.181912932838862,-17.704941687345485
2002-11-08,-2.186471435679516,-22.723107218036972,-2.750031710212138,-18.109506655786657
2002-11-09,-1.5190107118106366,-23.427794427788672,-1.5882234587556208,-18.39117102183471
2002-11-10,-1.9919592064593614,-22.59642164162319,-0.6772411366757649,-19.137889502352053
2002-11-11,0.3232895695937057,-23.02239156503457,-2.939189490892261,-19.02039152515012
2002-11-12,0.29986457901245284,-22.789229012190347,-3.840699372911793,-20.101081130657512
2002-11-13,-0.47614997593672675,-21.47075210775948,-3.7287197547295405,-19.860334611412018
2002-11-14,-0.5877828243146618,-20.971979682333465,-4.050301521922844,-19.567193875040516
2002-11-15,0.24935755669270998,-21.133990024144293,-4.870098267838305,-20.33654059591108
2002-11-16,1.1330961195698346,-22.307139845027645,-4.3218614045571995,-19.964331202806946
2002-11-17,0.9429625631444398,-20.677141943505507,-5.011015093156692,-19.664072726263793
2002-11-18,0.5817088623417486,-20.487535676952024,-4.991733632719697,-20.591335651472043
2002-11-19,0.7831826222886695,-20.864886588595844,-6.576657064733054,-20.549705423890277
2002-11-20,1.3984581519001535,-21.342322201186743,-6.136467255000902,-19.090523091379307
2002-11-21,0.9919374755654063,-21.53330229598698,-3.448266314682544,-19.30497511937991
2002-11-22,0.3120005851597817,-20.435423382926423,-2.5324161042964137,-17.483565867033413
2002-11-23,0.45509261547374535,-21.42226829059122,-2.960030747713285,-17.827747916155804
2002-11-24,-0.560760478505894,-23.0359154339665,-1.7143999195558388,-17.27181733689325
2002-11-25,-1.206872458243541,-24.035740831858522,-0.7806197828966086,-15.910530540558986
2002-11-26,-0.1752296135633069,-24.32444653768302,-1.2825509161511546,-18.245773014655352
2002-11-27,-2.424770828771571,-23.596090893013255,-1.7816646578203352,-17.546925942605004
2002-11-28,-1.3570206715873605,-23.562300109937794,-2.2822604120914445,-15.732763874480503
2002-11-29,-1.3491858261319116,-23.89500224824083,-2.0955097608541173,-17.941906086361506
2002-11-30,-0.5693274915160583,-23.405360059143746,0.14787837970029782,-18.962711153943488
2002-12-01,-0.5049274376477554,-22.130885555375826,-0.28968715657960187,-19.81628410558752
2002-12-02,-0.09339693258084553,-21.05851814818694,-2.932972337476094,-18.556267191407372
2002-12-03,-1.344280965654624,-21.417544244707486,-3.1601597642550656,-19.21397042184523
2002-12-04,-0.39671374698603934,-21.893918131835882,-3.2621609391794575,-17.147222121090124
2002-12-05,0.9842133061123886,-21.680353728407226,-3.036347399836416,-16.53165454662644
2002-12-06,2.666897303951753,-21.049781557846764,-3.1373708620320846,-16.57574336024817
2002-12-07,2.408172219527745,-23.05836644951488,-3.404797391428016,-16.617938470639825
2002-12-08,2.5466326009357503,-23.140296848519604,-4.342484248036591,-18.04420065280644
2002-12-09,1.707604183470588,-22.27229010874922,-4.084073785428352,-17.82329308054461
2002-12-10,0.3433428006103172,-20.752624918834936,-4.1262503956111605,-17.889771776249496
2002-12-11,0.6427879125053929,-20.14316064453956,-4.688166283531795,-17.84763579857559
2002-12-12,0.985490245040872,-21.638799681351205,-5.0617657350680725,-18.76305289323028
2002-12-13,0.5027147821636277,-20.948663761108158,-4.5272028458974685,-17.44300965338545
2002-12-14,0.6237323772576443,-19.274977699414283,-5.298699669751304,-15.3391539581561
2002-12-15,0.4642722353519084,-18.36182652118567,-3.8133685300613447,-16.656123273663376
2002-12-16,0.10835314296934301,-16.592110043936348,-3.086598521982782,-15.969136462181451
2002-12-17,0.8990274758003827,-17.612248593992806,-3.10474373847703,-17.038455455443817
2002-12-18,2.1366292639996285,-16.616368572939415,-4.082761506803456,-16.607181974109693
2002-12-19,1.401647386755831,-15.790217749760169,-4.521088300146568,-15.788413143981222
2002-12-20,1.335254576738269,-16.20810998281468,-5.477624368399969,-16.075905028924772
2002-12-21,1.1458343708709275,-16.27355452664569,-5.568138493210476,-15.077264754736397
2002-12-22,1.3982908612648361,-16.516137220483863,-4.51660656369275,-13.105760124940133
2002-12-23,0.742352854004227,-18.54102472373184,-3.2918484788019216,-13.355610620507333
2002-12-24,2.5832863299279127,-20.577483701536753,-4.52731837189039,-14.042563216840177
2002-12-25,0.9646410915160595,-21.186511689724508,-6.112696493385831,-12.999264472944617
2002-12-26,0.6306427138290249,-20.27048774486822,-5.299779798045105,-13.25920862497149
2002-12-27,1.1111357269103872,-21.297365594525264,-4.097669503377228,-12.593848819740268
2002-12-28,1.8520757033923598,-21.260656437882172,-2.4871622377580556,-12.835149858675118
2002-12-29,1.1022614083234235,-21.50064447077768,-2.45035902688937,-12.94626266808188
2002-12-30,0.9988979619027929,-21.64561067734067,-1.1707761913790669,-12.565010948678882
2002-12-31,2.132513340701232,-20.706388756835512,-0.7926031825930435,-12.880197423552355
2003-01-01,2.1593261866599374,-20.92570226649286,0.5261749553914117,-13.502408930436703
2003-01-02,4.079725472604767,-18.508932480724855,0.9414894041387017,-12.442550401329704
2003-01-03,3.269230483674002,-18.518596450296812,-0.660515612473561,-12.258793314733845
2003-01-04,4.073931666866647,-18.564846284510242,-1.1497322909326773,-13.89773018818404
2003-01-05,5.897773089717657,-18.789600373924003,-2.363954363264112,-13.157871590723017
2003-01-06,4.266991366936012,-18.798881617357207,-0.17807206884496374,-12.664551506409095
2003-01-07,4.724423012403582,-18.537762052712395,-0.8766622162911244,-14.11622034167641
2003-01-08,5.392643777404585,-18.249066559281673,-1.2311443659783732,-14.824203958406814
2003-01-09,5.810128731513065,-17.87909717073662,-1.7110997637444236,-16.484077658975437
2003-01-10,4.888783680304717,-17.275642087704774,-2.7384898944954266,-16.39695891606708
2003-01-11,6.014590030350254,-15.98302040255302,-3.0253748617226313,-15.222379382351656
2003-01-12,6.955202838531279,-16.685365300158495,-1.3918992459872332,-15.378207179777293
2003-01-13,5.9711000648471995,-17.593319290343565,-1.9262048626371053,-14.383802760520378
2003-01-14,4.6839546346065815,-18.261491198810436,-0.3034959265507875,-15.492998781393338
2003-01-15,4.894351056928268,-17.852019456933732,-0.3247558392254472,-14.520583933634544
2003-01-16,5.702599356865946,-17.025288369512772,-0.5090183714380693,-14.971266632197576
2003-01-17,5.714797024328205,-17.88131819936379,-2.230867427935099,-13.727052345415583
2003-01-18,4.967218763990854,-17.823244884124534,-1.4001958125907663,-12.74115494277089
2003-01-19,4.5986237421557306,-18.613854084992656,-2.64911943287857,-10.32299444510975
2003-01-20,5.405340426994498,-18.333542682109385,-1.9756088194982029,-10.66395624514554
2003-01-21,5.630150446932758,-18.51302803868119,-2.709064712630211,-10.985099183955008
2003-01-22,5.254020824813246,-17.92738279097694,-2.3859313585456867,-11.13183071131283
2003-01-23,3.9513077202131477,-18.39923589524944,-2.451954284884152,-11.863435061461237
2003-01-24,4.547044101642039,-16.81265386188,-1.255242133063019,-12.64744262189595
2003-01-25,4.279923742550936,-16.851622586231034,-1.7968983125219569,-12.858324986332658
2003-01-26,3.243803015478153,-17.221722321814426,-0.6993350931873508,-13.15004426193275
2003-01-27,3.226845044917441,-17.445114529760424,0.0713550371192666,-12.018347539487248
2003-01-28,4.064569217036848,-16.090716765795914,1.2275329805128643,-12.450018657380356
2003-01-29,4.537308776687209,-16.04066010113652,0.48068373870361714,-12.079439115265904
2003-01-30,2.0268916822830385,-15.842627096254114,0.010037905744006592,-13.62258926555089
2003-01-31,1.4576444911055209,-14.21054592219567,-0.6630156589418754,-12.883664509342669
2003-02-01,2.273049759119191,-14.70508990107316,-0.9881549266828018,-14.512341956440157
2003-02-02,1.4582405155852034,-15.897011528821132,-0.7850599842251924,-15.553059533705529
2003-02-03,1.8658484150400763,-14.94646630424634,0.5729218462971792,-14.351336802119324
2003-02-04,2.4579873447701086,-14.453002165889526,1.274716325371827,-15.335645749663534
2003-02-05,2.3529632471627338,-15.511120800122999,2.6226184791497245,-15.332386111562657
2003-02-06,2.921720796493143,-15.308584136069145,2.947742404833224,-15.608876068792496
2003-02-07,2.749520155613009,-16.217101904640508,1.9831335888711443,-15.630458488495334
2003-02-08,2.148453450752306,-17.37674331507597,1.70045134996377,-15.605029358315603
2003-02-09,3.35240256123916,-15.89292563874003,1.9395324116328192,-15.457213693016396
2003-02-10,2.2512698596822256,-14.60037599790382,2.029234105938411,-15.16573147891029
2003-02-11,2.1398029310082793,-13.675428774141391,1.4551571702677424,-15.10648064728414
2003-02-12,2.2837088047522154,-13.760644813396931,1.7689495984170946,-15.747849095321884
2003-02-13,1.9810556414220581,-14.495527523740456,0.34598746823325355,-16.523693602511862
2003-02-14,0.7251674972582112,-15.499205570408646,1.8750274082009013,-15.565380176515227
2003-02-15,0.7177801241996165,-15.067876761916674,1.2583021094836633,-14.082942554847673
2003-02-16,1.4943699433516633,-13.61550652301178,1.999399168782922,-14.302507909454098
2003-02-17,2.856842365136282,-13.354431687092827,1.9615643892228534,-14.282631534169056
2003-02-18,3.0132704566587263,-12.946225942996003,2.884403994710063,-15.241475807487674
2003-02-19,2.9306880732008564,-13.17057681457321,3.9843758149751842,-16.34109419746693
2003-02-20,2.202241707495831,-12.246626531337728,4.595292577421697,-15.504533275613154
2003-02-21,3.558574540851511,-14.745225634408893,3.7656816253447167,-15.936374218347524
2003-02-22,2.0608636716001456,-13.725114123514537,3.9466674323284936,-16.197858596837367
2003-02-23,0.9490399676307122,-12.328212606269238,3.79931209718557,-16.202349156571984
2003-02-24,0.9990853747549507,-10.932433473713333,3.519697582673275,-15.23004397606269
2003-02-25,2.4739856808134544,-11.0933747293327,4.3381917170929265,-14.709017761460409
2003-02-26,1.740803613014745,-11.162418774372677,4.2821024081450165,-12.898351650951613
2003-02-27,2.6903686927678487,-14.750171603538975,4.0855306434077985,-15.078506005650501
2003-02-28,0.4893302319230104,-13.72040238204967,4.785324826258947,-15.78210495841008
2003-03-01,1.2059622878249638,-14.960393097286374,7.2675037673318155,-15.124247919953138
2003-03-02,2.70507528424851,-14.928042021094562,7.626557511409426,-16.097188522165325
2003-03-03,0.7048977232743816,-14.937030614695962,7.359809783474996,-16.09397024205318
2003-03-04,0.9240344166372334,-14.829287759872006,6.464647160372001,-15.328446364639706
2003-03-05,0.6570548712342703,-15.61030933176275,6.689607817338467,-15.03045908361501
2003-03-06,0.3624697147464313,-15.880728469419802,5.472224950489727,-14.003420144991319
2003-03-07,0.38161860354540417,-17.230817892124918,5.909408985032643,-13.87630885634393
2003-03-08,1.1515454503702383,-17.09365308289433,6.91713980395159,-14.141266847067605
2003-03-09,-0.13144449089374688,-16.70354233945279,6.857399597429088,-15.065205652718706
2003-03-10,0.6623821966775267,-15.35990453635588,5.9080114539460915,-14.391700245650654
2003-03-11,1.0280645757405817,-15.20160888212713,5.124091863412755,-14.903876630117345
2003-03-12,0.8271165635809234,-13.202103029879781,5.210206295024121,-15.602811068393798
2003-03-13,2.9737623653357685,-13.118189214958923,5.496773369517569,-14.747232770571301
2003-03-14,2.279071790601064,-13.513169425673263,6.385454177618987,-16.856199374410746
2003-03-15,1.3717539925458966,-13.011229594736765,5.9615396927826625,-16.608435979774857
2003-03-16,1.345841557155015,-13.547150018126919,5.298202253123858,-16.000658911954233
2003-03-17,3.7113888206944363,-15.211528227529614,5.623528711406702,-14.332250594895537
2003-03-18,2.006903829501902,-15.659215650170976,5.808418383450761,-13.968619745263345
2003-03-19,3.341372518142061,-15.230114991922456,6.13423784455375,-14.477107474618675
2003-03-20,1.3564349338051358,-16.9690868583249,5.993936995283425,-14.357798296865777
2003-03-21,2.643176143071516,-16.33943342547932,6.012220937061248,-15.615970997814204
2003-03-22,1.7510017112096552,-19.035939098134143,5.7315924515361445,-16.89412686599883
2003-03-23,2.6983460872113794,-17.888248200890533,6.226053272645283,-17.170088385491727
2003-03-24,3.732410559498933,-17.705582750218536,6.529457408910757,-18.58313548049105
2003-03-25,4.914566555968449,-16.904697564139685,7.41321070360444,-18.514580712799134
2003-03-26,5.156519669995246,-18.1288240376283,7.225329054170147,-18.27911604558209
2003-03-27,5.716558895982975,-19.09595243331017,8.684954479028352,-17.322369971944763
2003-03-28,5.28825230820246,-19.50011361284177,8.290817710977072,-16.858272946814502
2003-03-29,5.458520933828619,-19.719162847007432,7.3547991700062925,-18.72951915214182
2003-03-30,6.634993324288411,-18.24708484050543,7.002767788024386,-17.478126776035413
2003-03-31,4.340023013840195,-17.781135318893057,6.630103748289375,-17.56351319314054
2003-04-01,3.7199199252583424,-18.014314580750643,6.987925207226263,-16.27011727028758
2003-04-02,2.1320223760848687,-19.797565695354322,8.26834907004873,-15.840640048414071
2003-04-03,0.3967750964322725,-20.718569193618706,8.913453057642144,-17.42022665852053
2003-04-04,-0.25441465784223816,-21.34835579504175,6.590556896361679,-17.04423226875884
2003-04-05,0.21734577415945977,-21.51426322193458,6.374483417876962,-17.38441465364163
2003-04-06,-0.35281992517112015,-21.809708858118018,6.959242761640601,-17.642642409970666
2003-04-07,-0.591848868331214,-20.13257545945119,7.356896807618705,-16.18739900137333
2003-04-08,0.41762804400667863,-20.009224796439955,5.434615039104857,-14.85649687055088
2003-04-09,1.4354992219710416,-18.371384049980243,4.347683245695216,-13.911199086285286
2003-04-10,1.3157313074510157,-21.082228664358315,3.921944214294886,-14.441641483214136
2003-04-11,1.8844506102020686,-21.819863698464797,4.450840173014118,-12.991983833516986
2003-04-12,3.5630323659419982,-22.860307961622556,5.297654805205631,-11.148788654124694
2003-04-13,4.235970764244922,-22.535561806537643,4.763186076114324,-10.797980335214923
2003-04-14,3.4664650087563524,-22.91152500291399,5.240615551242988,-11.690019624480598
2003-04-15,3.227397584320497,-22.196773680323393,5.266765296268081,-11.273471951247787
2003-04-16,3.079050275895927,-23.23338045570265,6.220888420865205,-11.354671344957747
2003-04-17,2.4016077628083248,-23.45926442287744,6.352873698723907,-11.811664104337025
2003-04-18,3.0364208803766175,-22.880641344921035,6.852059635412183,-10.724961728181267
2003-04-19,3.3420306569171183,-23.273540848559232,5.851175033084121,-9.847743302981057
2003-04-20,4.963164307061818,-24.405697327421606,4.597580308237792,-9.704292252163057
2003-04-21,4.363539291588134,-25.766592076096384,3.7524238376746855,-10.36354523921251
2003-04-22,2.4861321024537717,-26.69203036016954,5.052576100137401,-11.409923428372243
2003-04-23,0.9719532946078782,-27.36487443890983,5.171685333341152,-11.845058139585584
2003-04-24,1.64334622629703,-27.821607025055414,3.61212170632679,-12.5329655825523
2003-04-25,0.3142590688760494,-28.51634328613244,2.2953956973504255,-12.126298903340535
2003-04-26,-0.9124108103323434,-28.480666842554744,2.977053065519063,-11.749013681910517
2003-04-27,0.28391270018911063,-29.031232220576484,3.2511372011461646,-12.78984939142528
2003-04-28,-1.7553146141748455,-27.871636148014183,2.14890319001059,-11.895614723158438
2003-04-29,-1.3262406753316118,-28.166294050784533,3.165713475455205,-12.14622007602793
2003-04-30,-1.1501315494804223,-26.918629193969473,1.3994218854403155,-12.695735102754202
2003-05-01,-1.0618912285914772,-25.080784563327718,1.1774654291480937,-12.648228208004307
2003-05-02,-1.0692855752645072,-24.853144939948347,0.8015089911222288,-13.305078278384876
2003-05-03,-3.073277870351421,-25.505455284699543,2.474515485230671,-13.633210217098705
2003-05-04,-3.6008040312457408,-27.360298860765123,1.7756826824074068,-14.476062837583049
2003-05-05,-3.559612465445927,-27.831116774439987,1.885093947528608,-16.105177205066127
2003-05-06,-3.245826876523283,-28.54783533755489,2.251492895141818,-15.0194745996136
2003-05-07,-3.6125596754309086,-29.60363487456446,2.5520035989492187,-15.22162708017096
2003-05-08,-4.532133857240582,-29.367981397522314,1.8350613088460337,-15.043202905547297
2003-05-09,-5.792118086617494,-30.04153958227497,0.3883480108781101,-17.847892342568194
2003-05-10,-4.438637887325356,-28.10438847742084,-0.3346975688060634,-17.8245086583848
2003-05-11,-5.806372474697342,-29.111991236368542,-1.5949589155920538,-17.45493883780662
2003-05-12,-7.410654436112724,-28.55734471806094,-3.2273936760881687,-16.29787759793307
2003-05-13,-7.862314881481209,-28.70862146818617,-3.127722073968577,-16.273526599966253
2003-05-14,-7.143515874281068,-28.516104015867402,-2.7076726131419115,-17.92569417436591
2003-05-15,-7.707101748975576,-28.97686047990452,-3.7458145442124984,-17.1587724930241
2003-05-16,-7.446257818590444,-27.73298603859816,-3.131041668675148,-18.0211626533728
2003-05-17,-6.818018646156197,-25.892679425804108,-4.331427279254622,-16.00967112963704
2003-05-18,-4.604113864158055,-26.44010600366542,-5.941761076930422,-16.296567380248295
2003-05-19,-2.887252019088332,-26.49156959060628,-3.794817062508467,-15.552763842264778
2003-05-20,-3.2930596061813984,-27.99560038004669,-6.5732504818801445,-17.02290598052082
2003-05-21,-1.0977780343180092,-28.653718022076887,-5.8508532959773705,-18.582161636001864
2003-05-22,-1.7889716083944025,-27.975185987642256,-7.0564111550189335,-16.59164614935814
2003-05-23,-0.7701235993230839,-25.970476692556772,-5.925401571317863,-17.254793033332756
2003-05-24,-0.9209296941887336,-27.869651846891287,-5.418960795574916,-17.172986436412017
2003-05-25,-0.32986127400485077,-26.208110054477896,-5.750175593070844,-17.157248483227328
2003-05-26,-0.08282780981935986,-24.80317735052156,-5.157548074183238,-16.63476622748305
2003-05-27,-1.9373392842386246,-25.655441352869598,-6.40984692418394,-16.915802478622513
2003-05-28,-1.2913848419805114,-26.106949471162597,-5.425901854447287,-16.17730457661454
2003-05-29,-0.9707987627329678,-27.775970896707292,-6.607624984156967,-17.32327840675597
2003-05-30,-0.5367170929932207,-28.392061917819117,-6.027529695162909,-18.916317650131795
2003-05-31,-2.017994752340545,-29.071016833290503,-6.911150624074758,-19.47423902277552
2003-06-01,-2.726624551011558,-29.66183337028033,-7.253094422694706,-19.852010244653947
2003-06-02,-3.4539464050116813,-30.78073349401791,-7.121871243586727,-21.85967610578998
2003-06-03,-2.2734373982031473,-33.4341751632177,-8.02167915527167,-22.025375936601854
2003-06-04,-1.4168948481519075,-34.43128686688763,-6.62832408391605,-21.214343505228964
2003-06-05,-1.6980376768823555,-33.99266568116676,-6.747107553909454,-20.336115750080726
2003-06-06,-1.8211117779352974,-34.134305705117335,-7.625161742545672,-21.44540367181035
2003-06-07,-2.9940500157501453,-35.00841572333623,-7.611675486039528,-19.124707872717718
2003-06-08,-2.5959685887074704,-33.556462860836255,-7.54910270619081,-19.888906964206747
2003-06-09,-2.726424239104918,-33.661000998646365,-8.602408076546613,-19.825896486401255
2003-06-10,-3.6037129021287835,-33.55911831773983,-9.20259647045974,-20.979898358276554
2003-06-11,-3.396314414313525,-33.631761686339196,-11.22737828107624,-19.961676465317712
2003-06-12,-4.75600354334974,-33.36765025314938,-11.047279024004109,-19.938664686187064
2003-06-13,-5.22688568661159,-33.650515638891996,-11.455998448014256,-19.336739611912858
2003-06-14,-4.818833111226981,-34.23668509427719,-12.11009417315183,-19.545701079878295
2003-06-15,-5.752284600627036,-34.217073790965664,-11.053514677263594,-19.46239780937395
2003-06-16,-4.581033589830482,-35.28249201553557,-12.647153005674602,-19.500088041558442
2003-06-17,-5.131580640462858,-35.314291224841114,-13.008493654693003,-18.74730432240288
2003-06-18,-5.708345884430096,-34.9612117697677,-12.467827689286182,-19.01516532294015
2003-06-19,-4.975649882068858,-33.94748636661758,-13.188923866328555,-20.061557435480474
2003-06-20,-5.795711775605509,-33.02565360285007,-14.531446969560593,-22.311994864539486
2003-06-21,-3.5808283430265035,-31.83524863478255,-13.833082041181338,-23.24562914823639
2003-06-22,-4.468032557152225,-31.875236629584855,-14.539525353897048,-24.613075626157766
2003-06-23,-5.137802615004787,-29.288800680854212,-13.62830817183358,-23.626484393350474
2003-06-24,-5.072441366001754,-29.805326293376794,-12.41872564456547,-23.587964142591897
2003-06-25,-4.6664525813162205,-30.79129669708122,-12.686408798874691,-23.956187641316948
2003-06-26,-4.312196019736671,-31.015319298944178,-12.491161307829376,-24.19685996667569
2003-06-27,-4.654120405647536,-30.514864224235676,-12.905304333983178,-24.0707859598062
2003-06-28,-4.283543890561965,-30.984938337549693,-11.69294758173643,-23.309054451138707
2003-06-29,-2.813042111963786,-30.606752518294044,-12.51418011735492,-22.143722791525015
2003-06-30,-1.6590899574443894,-31.065696081784857,-12.514388689088898,-22.856593246335294
2003-07-01,-1.481315652202218,-32.552287278230494,-12.204716618426625,-22.748153562762024
2003-07-02,0.016070522912396523,-33.26107356411807,-11.868988353423632,-23.277349215012492
2003-07-03,1.0551656621513599,-31.121440870120132,-12.935580765075917,-22.75916904084611
2003-07-04,0.38927403213235545,-29.201214840606088,-14.471880508655735,-22.814977444726054
2003-07-05,-0.7046628893143511,-30.218908302939447,-13.385117588768658,-21.852992528899378
2003-07-06,-0.5350236636861376,-29.980396998753548,-14.92608853621477,-21.709464909514292
2003-07-07,0.712598827569858,-31.222913682193802,-14.468165890328962,-19.80611136293378
2003-07-08,3.0561285309078547,-31.48677278721822,-14.723181968188877,-20.17836512483025
2003-07-09,1.7507334315835432,-32.329788437864906,-14.615008276364563,-20.465128136590206
2003-07-10,1.4690426545133088,-31.688430700248503,-13.880703352747721,-20.48774200457524
2003-07-11,0.46608165504171795,-30.230950298636902,-13.330204855313944,-22.108352114474503
2003-07-12,0.9526156859623018,-28.477138436384134,-12.847797334675317,-22.42565317370672
2003-07-13,1.0594589087251902,-28.782304541604404,-12.265401631827936,-20.424373556800724
2003-07-14,0.6478681102881192,-29.20613321275505,-12.99889250193734,-21.241341603593895
2003-07-15,1.084024755821055,-29.498499078132035,-12.348915472597175,-21.99859961132582
2003-07-16,2.8331759650813266,-28.64606313345082,-13.123194168795527,-22.353905042903715
2003-07-17,1.134696978817204,-29.84969601991122,-12.51265097666096,-22.777687109288166
2003-07-18,1.8856034526568504,-30.840875218518043,-12.456219650985519,-24.29692564134716
2003-07-19,1.5677608426976655,-29.19056869231627,-11.46291361122627,-24.661471234382667
2003-07-20,1.658334050200804,-28.153450599526003,-9.821263136437633,-24.557501259011396
2003-07-21,0.4840360653676108,-28.058401737780713,-10.701037396622272,-24.34703931294733
2003-07-22,-0.8029386295070313,-28.13318172673201,-9.375607450458753,-25.15038865828033
2003-07-23,-3.1018808421128554,-29.459639227445404,-8.3982659617514,-25.68312710225461
2003-07-24,-1.6591233216807797,-30.931005073533147,-8.941241799341771,-25.75523278050215
2003-07-25,-1.5758719673704908,-29.58849923475575,-8.104813312298967,-26.206205027609748
2003-07-26,-1.5830272337463687,-30.164311840571475,-7.545364293209541,-24.896918027182902
2003-07-27,-0.5899993030346415,-29.472112432110382,-6.687476612056355,-25.63663164028406
2003-07-28,-0.14404099023012218,-33.426607502423764,-5.892901350661181,-26.001342532805076
2003-07-29,1.6112078551454574,-34.28682304417245,-6.676411339866606,-24.9568053082235
2003-07-30,1.619375358233346,-34.8297637451067,-6.893779729063007,-24.796973519347883
2003-07-31,3.001693731399649,-34.18720762669566,-7.605983340646678,-24.628910946204478
2003-08-01,2.9461458245502965,-34.24486719128867,-6.672698423937657,-24.688657198399195
2003-08-02,3.2138730432039835,-34.01752243573565,-8.266448700024341,-26.44492230898717
2003-08-03,3.377436089722827,-32.33539668083297,-8.23226424208385,-25.65038570334132
2003-08-04,3.0154423846646363,-32.94425686729527,-7.783973975296481,-26.36062340208694
2003-08-05,5.1563535492287365,-31.9728893881781,-8.098618515547116,-24.928092692898296
2003-08-06,6.84465745303123,-32.19982821893834,-9.948624427671579,-23.976215341932317
2003-08-07,7.163088992457453,-32.03229106172372,-11.057690873216261,-23.782333415475524
2003-08-08,6.711245435093397,-33.2371945502713,-8.878619726717695,-23.572463923058127
2003-08-09,8.284707732397646,-32.96520636957062,-9.071012975805923,-23.272996770607083
2003-08-10,7.909196087607398,-31.241803134209718,-7.5069992661757015,-21.279352563823267
2003-08-11,6.704516920418779,-29.608828210491083,-7.929853151773134,-20.43345338018062
2003-08-12,8.583731785249178,-29.437470320798667,-6.167722902287438,-20.545296145842183
2003-08-13,8.824719141375454,-28.768430124112907,-5.710813753426156,-20.832949929601657
2003-08-14,7.760681662888786,-26.504034424652545,-4.74310198942475,-20.554238811633045
2003-08-15,7.488518098880274,-26.44494421250779,-2.509621142061828,-19.703967043779226
2003-08-16,7.203306363031038,-26.842443174652114,-1.8378932249135498,-19.201134890524756
2003-08-17,7.828629429419464,-27.610332069162926,-0.4912835515325473,-21.395865543868048
2003-08-18,8.435726059241942,-27.127011321499698,-2.2728786458774923,-20.84026750568043
2003-08-19,8.871435565891373,-28.27246120869283,-3.146569242425562,-22.292100039182305
2003-08-20,8.58171235357565,-28.46177546861611,-3.5138912760999785,-25.629610440012982
2003-08-21,8.844599774913494,-28.0430717158386,-5.153845154064346,-26.36364342284075
2003-08-22,8.654569782246678,-28.038458606857112,-4.544465897972096,-27.177500751700627
2003-08-23,7.287958702815117,-27.665855991511084,-5.869504323258747,-26.881793449546063
2003-08-24,5.999038344531609,-27.519902639354555,-5.476564842252142,-26.63476915286801
2003-08-25,6.8474678607951605,-27.834531812145677,-5.580490447375513,-25.05058568477376
2003-08-26,5.063068842919487,-29.304397183432407,-6.32560279282647,-23.53330256721571
2003-08-27,6.039468460249145,-27.92772177325692,-8.301772754313623,-24.754956232641025
2003-08-28,6.528678929752119,-25.42941460955509,-8.372167148304134,-25.51267700614757
2003-08-29,7.811591531680634,-23.94014482530868,-8.042823009453139,-25.977711190896525
2003-08-30,9.22141830411369,-24.559519378057374,-8.68211293417749,-27.492069471723816
2003-08-31,8.622074404187487,-24.93684171965553,-9.263827553366994,-26.382139798828103
2003-09-01,8.955433076844601,-24.614310658565376,-10.741931336171731,-24.649972751556348
2003-09-02,12.161642951701243,-24.59027180250296,-10.576307409202935,-22.977024176268174
2003-09-03,14.081506663067671,-25.156156538194793,-10.577876403813633,-21.271877431210285
2003-09-04,14.708107294608896,-24.854636339992016,-10.490003753710706,-22.43439916761063
2003-09-05,14.509560069776098,-25.68631298811254,-8.69399365524235,-23.20847056085865
2003-09-06,14.82347164308207,-27.262672987304725,-9.369087366713003,-24.019470377425595
